ID,AP1,AP2,AP3,AP4,AP5,AP6,AP7,ROOM
ID_1,-64,-56,-61,-66,-71,-82,-81,1
ID_2,-68,-57,-61,-65,-71,-85,-85,1
ID_3,-63,-60,-60,-67,-76,-85,-84,1
ID_4,-61,-60,-68,-62,-77,-90,-80,1
ID_5,-63,-65,-60,-63,-77,-81,-87,1
ID_6,-64,-55,-63,-66,-76,-88,-83,1
ID_7,-65,-61,-65,-67,-69,-87,-84,1
ID_8,-61,-63,-58,-66,-74,-87,-82,1
ID_9,-65,-60,-59,-63,-76,-86,-82,1
ID_10,-62,-60,-66,-68,-80,-86,-91,1
ID_11,-67,-61,-62,-67,-77,-83,-91,1
ID_12,-65,-59,-61,-67,-72,-86,-81,1
ID_13,-63,-57,-61,-65,-73,-84,-84,1
ID_14,-66,-60,-65,-62,-70,-85,-83,1
ID_15,-61,-59,-65,-63,-74,-89,-87,1
ID_16,-67,-60,-59,-61,-71,-86,-91,1
ID_17,-63,-56,-60,-62,-70,-84,-91,1
ID_18,-60,-54,-59,-65,-73,-83,-84,1
ID_19,-60,-58,-60,-61,-73,-84,-88,1
ID_20,-62,-59,-63,-64,-70,-84,-84,1
ID_21,-63,-59,-64,-66,-72,-84,-90,1
ID_22,-65,-59,-66,-65,-68,-82,-85,1
ID_23,-63,-56,-63,-65,-72,-82,-89,1
ID_24,-67,-60,-66,-65,-75,-86,-87,1
ID_25,-63,-57,-67,-66,-79,-86,-89,1
ID_26,-66,-59,-64,-68,-68,-97,-83,1
ID_27,-65,-61,-64,-68,-77,-86,-89,1
ID_28,-66,-57,-65,-69,-78,-85,-85,1
ID_29,-67,-57,-64,-71,-75,-89,-87,1
ID_30,-65,-62,-62,-65,-77,-84,-85,1
ID_31,-61,-54,-60,-61,-74,-87,-83,1
ID_32,-65,-53,-60,-62,-69,-85,-83,1
ID_33,-66,-55,-63,-65,-68,-85,-90,1
ID_34,-63,-57,-59,-67,-71,-82,-93,1
ID_35,-63,-57,-62,-65,-76,-82,-88,1
ID_36,-64,-57,-62,-67,-68,-83,-84,1
ID_37,-68,-63,-68,-64,-74,-86,-84,1
ID_38,-70,-62,-68,-65,-81,-89,-83,1
ID_39,-67,-59,-62,-66,-80,-96,-82,1
ID_40,-66,-59,-64,-67,-77,-87,-85,1
ID_41,-66,-59,-65,-68,-75,-88,-84,1
ID_42,-67,-59,-62,-65,-71,-91,-84,1
ID_43,-69,-61,-62,-62,-75,-85,-84,1
ID_44,-68,-58,-65,-65,-76,-87,-82,1
ID_45,-66,-62,-64,-68,-73,-89,-83,1
ID_46,-68,-58,-65,-67,-83,-89,-86,1
ID_47,-65,-58,-62,-67,-77,-86,-91,1
ID_48,-65,-58,-64,-69,-81,-88,-90,1
ID_49,-65,-56,-63,-71,-77,-89,-85,1
ID_50,-64,-59,-65,-70,-84,-90,-89,1
ID_51,-64,-56,-64,-70,-80,-91,-84,1
ID_52,-68,-57,-64,-68,-77,-88,-85,1
ID_53,-67,-56,-65,-68,-82,-96,-89,1
ID_54,-66,-69,-63,-69,-79,-88,-86,1
ID_55,-68,-57,-62,-68,-77,-91,-86,1
ID_56,-62,-58,-61,-68,-70,-85,-86,1
ID_57,-63,-58,-66,-68,-75,-90,-93,1
ID_58,-62,-58,-57,-65,-70,-82,-91,1
ID_59,-64,-51,-57,-67,-68,-84,-82,1
ID_60,-62,-56,-61,-67,-67,-81,-85,1
ID_61,-63,-53,-60,-68,-67,-87,-85,1
ID_62,-64,-54,-58,-69,-65,-86,-86,1
ID_63,-62,-52,-61,-66,-65,-85,-89,1
ID_64,-64,-54,-61,-63,-65,-88,-86,1
ID_65,-58,-54,-61,-66,-75,-87,-86,1
ID_66,-63,-55,-63,-68,-77,-87,-89,1
ID_67,-64,-56,-64,-65,-75,-85,-90,1
ID_68,-64,-56,-64,-67,-77,-81,-85,1
ID_69,-63,-57,-65,-69,-77,-81,-85,1
ID_70,-63,-61,-61,-68,-72,-87,-92,1
ID_71,-59,-55,-62,-64,-68,-77,-86,1
ID_72,-64,-57,-62,-68,-71,-85,-85,1
ID_73,-66,-58,-56,-66,-79,-86,-93,1
ID_74,-63,-59,-58,-64,-74,-82,-90,1
ID_75,-66,-57,-57,-64,-69,-84,-90,1
ID_76,-59,-60,-57,-62,-67,-80,-84,1
ID_77,-60,-57,-55,-66,-69,-82,-89,1
ID_78,-61,-55,-63,-64,-69,-83,-82,1
ID_79,-61,-60,-57,-61,-74,-81,-82,1
ID_80,-65,-60,-60,-62,-75,-83,-79,1
ID_81,-65,-56,-65,-63,-68,-82,-93,1
ID_82,-63,-60,-69,-65,-71,-85,-86,1
ID_83,-62,-57,-60,-65,-72,-83,-87,1
ID_84,-65,-60,-62,-63,-75,-85,-82,1
ID_85,-65,-60,-62,-68,-69,-84,-89,1
ID_86,-67,-56,-62,-70,-69,-86,-84,1
ID_87,-67,-61,-63,-64,-71,-85,-84,1
ID_88,-71,-62,-65,-68,-83,-85,-86,1
ID_89,-68,-64,-66,-73,-81,-86,-83,1
ID_90,-68,-63,-65,-74,-81,-84,-89,1
ID_91,-70,-64,-63,-69,-83,-85,-87,1
ID_92,-72,-63,-64,-70,-81,-85,-87,1
ID_93,-73,-62,-66,-65,-81,-87,-89,1
ID_94,-73,-61,-65,-65,-77,-89,-90,1
ID_95,-73,-63,-65,-70,-80,-89,-93,1
ID_96,-74,-62,-66,-70,-76,-89,-87,1
ID_97,-71,-62,-63,-69,-75,-85,-87,1
ID_98,-71,-64,-64,-70,-78,-88,-94,1
ID_99,-70,-64,-66,-73,-78,-87,-94,1
ID_100,-72,-62,-63,-76,-81,-84,-91,1
ID_101,-72,-59,-65,-75,-81,-84,-91,1
ID_102,-69,-59,-59,-65,-78,-86,-87,1
ID_103,-57,-58,-65,-62,-77,-80,-87,1
ID_104,-63,-55,-62,-66,-76,-89,-85,1
ID_105,-64,-56,-69,-64,-73,-89,-85,1
ID_106,-60,-57,-60,-66,-76,-82,-80,1
ID_107,-64,-58,-59,-61,-70,-84,-86,1
ID_108,-62,-55,-57,-62,-70,-82,-86,1
ID_109,-65,-54,-57,-66,-70,-82,-80,1
ID_110,-61,-56,-53,-62,-63,-84,-91,1
ID_111,-65,-56,-55,-65,-68,-85,-93,1
ID_112,-65,-55,-55,-67,-63,-82,-89,1
ID_113,-59,-57,-62,-61,-68,-80,-83,1
ID_114,-65,-59,-65,-63,-68,-80,-83,1
ID_115,-63,-58,-62,-71,-74,-92,-94,1
ID_116,-63,-59,-61,-62,-78,-90,-82,1
ID_117,-65,-60,-67,-66,-68,-84,-89,1
ID_118,-65,-58,-67,-67,-70,-87,-84,1
ID_119,-65,-58,-70,-66,-71,-85,-83,1
ID_120,-65,-59,-65,-67,-89,-85,-83,1
ID_121,-63,-58,-64,-66,-70,-81,-91,1
ID_122,-61,-54,-56,-59,-68,-82,-83,1
ID_123,-59,-54,-59,-59,-67,-86,-80,1
ID_124,-62,-56,-56,-61,-68,-81,-86,1
ID_125,-61,-51,-58,-62,-71,-80,-84,1
ID_126,-59,-54,-56,-62,-67,-81,-82,1
ID_127,-58,-54,-58,-62,-75,-81,-81,1
ID_128,-57,-53,-59,-64,-71,-80,-79,1
ID_129,-63,-55,-62,-63,-70,-80,-75,1
ID_130,-62,-54,-56,-64,-75,-88,-85,1
ID_131,-62,-58,-57,-62,-72,-81,-81,1
ID_132,-62,-58,-57,-65,-68,-83,-79,1
ID_133,-65,-50,-51,-57,-70,-80,-79,1
ID_134,-63,-48,-51,-59,-69,-77,-82,1
ID_135,-63,-51,-50,-63,-67,-83,-79,1
ID_136,-61,-53,-54,-58,-71,-82,-86,1
ID_137,-56,-53,-58,-64,-71,-84,-87,1
ID_138,-58,-54,-62,-66,-76,-83,-86,1
ID_139,-62,-60,-64,-74,-76,-81,-91,1
ID_140,-64,-59,-68,-67,-74,-82,-82,1
ID_141,-66,-59,-70,-69,-76,-87,-89,1
ID_142,-64,-59,-65,-64,-74,-88,-90,1
ID_143,-64,-54,-65,-63,-71,-85,-89,1
ID_144,-63,-57,-65,-71,-75,-82,-86,1
ID_145,-62,-56,-64,-69,-75,-81,-84,1
ID_146,-63,-58,-65,-66,-78,-81,-88,1
ID_147,-63,-58,-65,-66,-73,-86,-89,1
ID_148,-65,-60,-65,-66,-73,-84,-93,1
ID_149,-63,-58,-64,-67,-74,-87,-87,1
ID_150,-64,-59,-66,-63,-74,-87,-87,1
ID_151,-64,-54,-56,-65,-74,-85,-87,1
ID_152,-62,-55,-63,-61,-68,-81,-83,1
ID_153,-60,-54,-57,-66,-64,-81,-83,1
ID_154,-59,-55,-65,-62,-62,-81,-77,1
ID_155,-63,-52,-56,-59,-66,-80,-80,1
ID_156,-60,-59,-58,-63,-72,-82,-79,1
ID_157,-62,-55,-61,-60,-63,-84,-80,1
ID_158,-62,-51,-58,-61,-63,-77,-80,1
ID_159,-56,-50,-56,-62,-61,-79,-85,1
ID_160,-62,-51,-53,-60,-67,-78,-85,1
ID_161,-58,-55,-58,-61,-67,-78,-80,1
ID_162,-60,-53,-60,-62,-73,-81,-82,1
ID_163,-60,-53,-59,-64,-70,-80,-90,1
ID_164,-60,-56,-58,-65,-70,-80,-87,1
ID_165,-59,-54,-59,-64,-74,-80,-81,1
ID_166,-62,-55,-58,-68,-69,-83,-88,1
ID_167,-62,-58,-59,-66,-68,-87,-88,1
ID_168,-63,-58,-56,-66,-73,-87,-83,1
ID_169,-56,-47,-56,-61,-67,-78,-88,1
ID_170,-62,-51,-54,-59,-64,-77,-81,1
ID_171,-62,-51,-61,-71,-67,-79,-80,1
ID_172,-58,-54,-58,-58,-67,-84,-88,1
ID_173,-57,-54,-56,-56,-68,-79,-82,1
ID_174,-56,-54,-58,-62,-68,-77,-81,1
ID_175,-60,-58,-62,-61,-62,-81,-84,1
ID_176,-60,-55,-58,-57,-75,-74,-82,1
ID_177,-61,-56,-57,-56,-75,-74,-81,1
ID_178,-58,-55,-59,-58,-72,-77,-81,1
ID_179,-59,-49,-53,-59,-62,-81,-83,1
ID_180,-60,-52,-51,-59,-73,-79,-81,1
ID_181,-57,-56,-56,-61,-70,-77,-77,1
ID_182,-57,-57,-59,-61,-67,-80,-83,1
ID_183,-62,-50,-61,-64,-73,-80,-81,1
ID_184,-62,-54,-62,-68,-80,-80,-78,1
ID_185,-63,-57,-63,-64,-73,-86,-81,1
ID_186,-62,-57,-54,-66,-71,-81,-83,1
ID_187,-61,-55,-59,-58,-66,-79,-78,1
ID_188,-60,-59,-56,-63,-64,-82,-81,1
ID_189,-56,-53,-64,-61,-72,-84,-81,1
ID_190,-57,-53,-56,-58,-68,-75,-80,1
ID_191,-60,-55,-60,-59,-67,-81,-87,1
ID_192,-62,-56,-57,-63,-69,-87,-91,1
ID_193,-58,-59,-56,-64,-68,-82,-87,1
ID_194,-63,-56,-61,-61,-68,-83,-87,1
ID_195,-64,-57,-63,-59,-69,-82,-86,1
ID_196,-64,-61,-62,-65,-70,-85,-87,1
ID_197,-61,-58,-60,-61,-74,-78,-83,1
ID_198,-65,-56,-63,-66,-80,-83,-88,1
ID_199,-62,-56,-63,-66,-74,-82,-80,1
ID_200,-62,-49,-59,-63,-62,-80,-79,1
ID_201,-58,-54,-52,-61,-74,-75,-82,1
ID_202,-62,-52,-57,-60,-70,-81,-74,1
ID_203,-65,-53,-53,-57,-64,-87,-80,1
ID_204,-59,-51,-58,-57,-64,-76,-85,1
ID_205,-57,-54,-59,-63,-65,-80,-80,1
ID_206,-62,-50,-57,-59,-72,-82,-84,1
ID_207,-56,-51,-62,-62,-71,-77,-82,1
ID_208,-57,-56,-58,-58,-66,-85,-80,1
ID_209,-58,-54,-61,-59,-68,-78,-76,1
ID_210,-62,-56,-61,-65,-74,-78,-76,1
ID_211,-60,-54,-61,-65,-70,-82,-88,1
ID_212,-62,-63,-62,-65,-68,-87,-86,1
ID_213,-62,-57,-61,-64,-68,-82,-82,1
ID_214,-60,-58,-57,-65,-69,-80,-89,1
ID_215,-62,-56,-59,-68,-74,-95,-84,1
ID_216,-60,-53,-59,-64,-65,-76,-81,1
ID_217,-60,-54,-57,-60,-66,-80,-88,1
ID_218,-59,-55,-61,-65,-68,-84,-84,1
ID_219,-58,-49,-55,-60,-70,-78,-80,1
ID_220,-62,-49,-56,-63,-67,-78,-80,1
ID_221,-63,-48,-54,-65,-67,-82,-80,1
ID_222,-57,-56,-54,-69,-75,-83,-81,1
ID_223,-62,-55,-59,-63,-72,-76,-87,1
ID_224,-61,-50,-59,-67,-65,-79,-86,1
ID_225,-66,-56,-54,-69,-65,-82,-82,1
ID_226,-63,-54,-55,-67,-71,-82,-87,1
ID_227,-60,-57,-58,-64,-70,-84,-79,1
ID_228,-61,-56,-58,-67,-68,-80,-81,1
ID_229,-61,-62,-64,-65,-73,-81,-90,1
ID_230,-66,-58,-58,-68,-73,-85,-78,1
ID_231,-66,-56,-57,-66,-73,-84,-87,1
ID_232,-63,-54,-55,-64,-72,-84,-81,1
ID_233,-58,-53,-58,-64,-73,-82,-82,1
ID_234,-58,-48,-59,-59,-64,-84,-77,1
ID_235,-56,-55,-59,-68,-74,-84,-79,1
ID_236,-59,-54,-63,-72,-75,-81,-78,1
ID_237,-58,-56,-61,-66,-75,-84,-78,1
ID_238,-61,-54,-57,-67,-67,-82,-84,1
ID_239,-62,-56,-67,-63,-68,-82,-86,1
ID_240,-59,-54,-56,-65,-74,-79,-85,1
ID_241,-58,-59,-59,-65,-65,-82,-94,1
ID_242,-63,-54,-61,-66,-73,-84,-88,1
ID_243,-63,-57,-58,-62,-73,-86,-85,1
ID_244,-64,-52,-63,-62,-71,-84,-79,1
ID_245,-62,-57,-58,-65,-71,-87,-86,1
ID_246,-57,-56,-60,-58,-70,-79,-84,1
ID_247,-57,-54,-57,-61,-62,-80,-79,1
ID_248,-63,-59,-65,-62,-65,-83,-80,1
ID_249,-62,-59,-61,-59,-69,-82,-83,1
ID_250,-56,-56,-62,-64,-70,-79,-86,1
ID_251,-57,-52,-60,-61,-66,-81,-85,1
ID_252,-59,-55,-58,-61,-67,-77,-79,1
ID_253,-57,-56,-59,-59,-64,-79,-78,1
ID_254,-58,-58,-61,-59,-69,-81,-80,1
ID_255,-62,-58,-57,-58,-69,-94,-77,1
ID_256,-59,-60,-60,-62,-67,-94,-77,1
ID_257,-62,-55,-58,-62,-67,-81,-77,1
ID_258,-59,-54,-60,-60,-66,-83,-78,1
ID_259,-63,-55,-63,-62,-68,-89,-85,1
ID_260,-63,-59,-61,-61,-66,-79,-80,1
ID_261,-59,-57,-59,-64,-73,-79,-84,1
ID_262,-62,-53,-61,-59,-74,-84,-81,1
ID_263,-58,-51,-59,-65,-74,-86,-82,1
ID_264,-60,-55,-58,-61,-72,-83,-82,1
ID_265,-63,-57,-57,-65,-75,-83,-76,1
ID_266,-64,-57,-56,-63,-68,-85,-81,1
ID_267,-59,-57,-63,-66,-65,-82,-78,1
ID_268,-63,-60,-58,-64,-66,-83,-90,1
ID_269,-65,-56,-60,-66,-74,-89,-90,1
ID_270,-61,-56,-63,-62,-73,-87,-91,1
ID_271,-62,-59,-61,-66,-75,-86,-80,1
ID_272,-63,-52,-61,-64,-75,-80,-83,1
ID_273,-58,-51,-59,-63,-69,-81,-80,1
ID_274,-61,-56,-65,-65,-66,-77,-81,1
ID_275,-61,-56,-62,-67,-66,-81,-88,1
ID_276,-59,-55,-63,-67,-66,-82,-86,1
ID_277,-62,-55,-65,-59,-69,-86,-87,1
ID_278,-61,-54,-64,-59,-68,-86,-88,1
ID_279,-61,-56,-65,-59,-68,-86,-88,1
ID_280,-61,-57,-65,-59,-67,-86,-87,1
ID_281,-60,-57,-66,-60,-68,-87,-89,1
ID_282,-61,-59,-63,-60,-69,-87,-88,1
ID_283,-63,-58,-66,-63,-68,-87,-83,1
ID_284,-63,-57,-59,-66,-71,-82,-83,1
ID_285,-59,-52,-61,-61,-76,-75,-78,1
ID_286,-65,-62,-60,-65,-68,-83,-82,1
ID_287,-66,-53,-58,-63,-69,-81,-80,1
ID_288,-66,-53,-59,-62,-69,-81,-79,1
ID_289,-60,-56,-62,-61,-69,-82,-81,1
ID_290,-56,-50,-58,-63,-68,-83,-83,1
ID_291,-59,-59,-58,-62,-64,-78,-81,1
ID_292,-60,-57,-58,-66,-65,-77,-80,1
ID_293,-59,-56,-58,-68,-62,-80,-81,1
ID_294,-59,-54,-57,-65,-62,-80,-82,1
ID_295,-58,-53,-61,-62,-64,-78,-81,1
ID_296,-59,-60,-61,-66,-66,-81,-85,1
ID_297,-56,-58,-60,-59,-66,-80,-77,1
ID_298,-57,-59,-58,-66,-67,-78,-82,1
ID_299,-62,-53,-58,-65,-67,-82,-84,1
ID_300,-60,-59,-61,-62,-68,-81,-85,1
ID_301,-61,-57,-63,-67,-72,-77,-82,1
ID_302,-61,-55,-62,-62,-65,-82,-81,1
ID_303,-57,-55,-58,-64,-65,-87,-79,1
ID_304,-61,-52,-54,-63,-64,-84,-82,1
ID_305,-61,-54,-54,-67,-60,-81,-83,1
ID_306,-59,-57,-53,-61,-63,-79,-87,1
ID_307,-62,-54,-55,-61,-63,-84,-81,1
ID_308,-62,-54,-58,-64,-65,-77,-85,1
ID_309,-59,-54,-58,-59,-63,-81,-80,1
ID_310,-58,-55,-58,-61,-64,-81,-84,1
ID_311,-61,-54,-64,-63,-68,-83,-81,1
ID_312,-62,-57,-61,-63,-65,-83,-82,1
ID_313,-67,-56,-65,-68,-69,-83,-82,1
ID_314,-63,-57,-60,-64,-72,-80,-78,1
ID_315,-62,-57,-63,-67,-66,-87,-80,1
ID_316,-63,-57,-66,-66,-68,-83,-81,1
ID_317,-62,-57,-59,-72,-73,-86,-82,1
ID_318,-64,-66,-54,-67,-70,-83,-82,1
ID_319,-62,-63,-57,-69,-71,-82,-82,1
ID_320,-64,-64,-58,-75,-68,-82,-80,1
ID_321,-64,-62,-57,-69,-67,-77,-81,1
ID_322,-63,-63,-57,-68,-71,-79,-82,1
ID_323,-61,-55,-58,-67,-69,-84,-86,1
ID_324,-64,-56,-60,-61,-67,-78,-85,1
ID_325,-60,-56,-56,-64,-67,-84,-85,1
ID_326,-58,-54,-59,-62,-68,-79,-87,1
ID_327,-59,-52,-61,-57,-69,-83,-78,1
ID_328,-56,-55,-56,-59,-64,-83,-83,1
ID_329,-60,-56,-56,-63,-65,-80,-83,1
ID_330,-59,-53,-64,-60,-68,-82,-81,1
ID_331,-58,-52,-64,-64,-66,-88,-83,1
ID_332,-59,-51,-64,-57,-69,-80,-80,1
ID_333,-58,-50,-59,-58,-68,-80,-81,1
ID_334,-61,-53,-53,-61,-63,-77,-81,1
ID_335,-58,-50,-55,-54,-61,-84,-87,1
ID_336,-60,-58,-56,-65,-68,-79,-86,1
ID_337,-62,-56,-59,-58,-67,-78,-79,1
ID_338,-62,-59,-62,-60,-68,-80,-89,1
ID_339,-61,-58,-64,-61,-64,-78,-82,1
ID_340,-61,-59,-62,-61,-66,-80,-88,1
ID_341,-60,-51,-59,-63,-68,-81,-76,1
ID_342,-60,-58,-57,-59,-66,-82,-83,1
ID_343,-61,-54,-60,-62,-66,-79,-85,1
ID_344,-59,-54,-60,-65,-66,-80,-90,1
ID_345,-61,-59,-62,-65,-66,-81,-83,1
ID_346,-61,-56,-61,-74,-69,-87,-89,1
ID_347,-66,-55,-60,-69,-66,-85,-87,1
ID_348,-64,-58,-60,-68,-66,-86,-88,1
ID_349,-66,-58,-64,-67,-71,-85,-87,1
ID_350,-62,-59,-62,-63,-65,-87,-87,1
ID_351,-60,-56,-59,-66,-68,-81,-83,1
ID_352,-59,-53,-58,-66,-65,-82,-78,1
ID_353,-62,-54,-60,-61,-71,-86,-80,1
ID_354,-61,-59,-54,-65,-66,-81,-89,1
ID_355,-62,-57,-58,-63,-70,-85,-86,1
ID_356,-63,-59,-57,-65,-69,-80,-86,1
ID_357,-67,-61,-63,-65,-71,-81,-87,1
ID_358,-64,-55,-60,-74,-66,-87,-87,1
ID_359,-65,-57,-62,-70,-67,-85,-87,1
ID_360,-64,-57,-60,-70,-69,-86,-83,1
ID_361,-65,-58,-61,-71,-69,-87,-83,1
ID_362,-64,-56,-61,-73,-66,-88,-83,1
ID_363,-62,-57,-60,-64,-67,-80,-88,1
ID_364,-60,-53,-60,-67,-64,-81,-79,1
ID_365,-61,-60,-60,-65,-67,-82,-78,1
ID_366,-63,-58,-62,-65,-68,-81,-74,1
ID_367,-59,-56,-61,-66,-71,-83,-82,1
ID_368,-63,-59,-61,-68,-71,-81,-87,1
ID_369,-63,-58,-61,-67,-69,-86,-85,1
ID_370,-64,-56,-58,-71,-69,-88,-84,1
ID_371,-68,-51,-59,-67,-65,-80,-87,1
ID_372,-63,-57,-63,-64,-67,-81,-83,1
ID_373,-66,-57,-64,-61,-69,-82,-88,1
ID_374,-64,-57,-60,-60,-65,-80,-91,1
ID_375,-58,-50,-61,-68,-64,-85,-91,1
ID_376,-42,-53,-62,-38,-66,-65,-69,2
ID_377,-44,-55,-61,-41,-66,-72,-68,2
ID_378,-41,-58,-56,-40,-73,-69,-73,2
ID_379,-40,-55,-56,-41,-70,-74,-73,2
ID_380,-38,-55,-53,-37,-72,-71,-73,2
ID_381,-38,-54,-56,-45,-56,-72,-68,2
ID_382,-38,-52,-54,-38,-64,-73,-77,2
ID_383,-37,-59,-57,-38,-69,-68,-73,2
ID_384,-37,-61,-61,-37,-71,-68,-73,2
ID_385,-37,-56,-56,-38,-68,-70,-66,2
ID_386,-37,-59,-57,-43,-73,-65,-66,2
ID_387,-39,-54,-61,-43,-75,-64,-74,2
ID_388,-42,-57,-61,-43,-73,-67,-66,2
ID_389,-40,-56,-58,-42,-67,-62,-71,2
ID_390,-41,-56,-54,-41,-76,-65,-68,2
ID_391,-43,-55,-55,-39,-69,-67,-71,2
ID_392,-41,-56,-56,-38,-72,-67,-70,2
ID_393,-41,-56,-60,-39,-72,-74,-66,2
ID_394,-44,-52,-60,-37,-66,-67,-73,2
ID_395,-43,-55,-63,-37,-64,-67,-76,2
ID_396,-40,-59,-57,-43,-74,-65,-66,2
ID_397,-38,-57,-61,-38,-69,-73,-70,2
ID_398,-39,-62,-58,-37,-69,-73,-72,2
ID_399,-35,-58,-61,-38,-67,-71,-71,2
ID_400,-26,-55,-55,-38,-71,-71,-70,2
ID_401,-38,-58,-59,-41,-65,-68,-74,2
ID_402,-27,-55,-57,-37,-67,-71,-71,2
ID_403,-19,-59,-67,-35,-65,-66,-74,2
ID_404,-18,-63,-62,-38,-72,-71,-73,2
ID_405,-14,-58,-60,-38,-74,-74,-73,2
ID_406,-17,-66,-61,-37,-68,-75,-77,2
ID_407,-16,-70,-58,-14,-73,-71,-80,2
ID_408,-19,-62,-56,-13,-74,-72,-77,2
ID_409,-18,-62,-56,-15,-71,-70,-79,2
ID_410,-18,-62,-59,-14,-73,-71,-78,2
ID_411,-17,-63,-60,-14,-72,-72,-77,2
ID_412,-17,-61,-60,-15,-72,-69,-79,2
ID_413,-17,-74,-60,-15,-73,-71,-80,2
ID_414,-16,-59,-60,-35,-69,-81,-78,2
ID_415,-12,-60,-62,-14,-71,-77,-71,2
ID_416,-16,-58,-58,-13,-68,-76,-90,2
ID_417,-21,-61,-62,-16,-76,-74,-74,2
ID_418,-36,-57,-60,-20,-71,-74,-74,2
ID_419,-39,-56,-58,-37,-64,-76,-72,2
ID_420,-36,-57,-61,-38,-63,-79,-71,2
ID_421,-38,-60,-57,-38,-65,-79,-76,2
ID_422,-38,-55,-54,-42,-63,-78,-71,2
ID_423,-38,-58,-53,-40,-63,-77,-70,2
ID_424,-37,-61,-54,-37,-66,-74,-75,2
ID_425,-41,-57,-51,-40,-66,-78,-71,2
ID_426,-41,-53,-49,-38,-71,-69,-75,2
ID_427,-42,-53,-50,-47,-66,-80,-69,2
ID_428,-47,-55,-52,-49,-59,-78,-71,2
ID_429,-41,-58,-53,-38,-65,-79,-72,2
ID_430,-45,-58,-59,-42,-66,-81,-75,2
ID_431,-41,-59,-53,-40,-69,-80,-78,2
ID_432,-46,-58,-59,-40,-71,-78,-76,2
ID_433,-42,-55,-57,-38,-71,-71,-76,2
ID_434,-42,-56,-50,-43,-68,-76,-77,2
ID_435,-41,-58,-58,-42,-64,-79,-80,2
ID_436,-39,-56,-55,-41,-62,-69,-75,2
ID_437,-38,-53,-53,-43,-78,-69,-75,2
ID_438,-45,-58,-55,-38,-68,-76,-75,2
ID_439,-40,-56,-53,-50,-71,-79,-78,2
ID_440,-43,-58,-56,-41,-69,-79,-78,2
ID_441,-45,-57,-58,-45,-77,-78,-80,2
ID_442,-48,-58,-57,-45,-73,-86,-92,2
ID_443,-38,-58,-60,-42,-66,-82,-79,2
ID_444,-45,-58,-58,-40,-70,-86,-80,2
ID_445,-40,-53,-56,-42,-69,-74,-78,2
ID_446,-43,-60,-55,-46,-71,-76,-79,2
ID_447,-41,-59,-54,-41,-58,-80,-80,2
ID_448,-43,-59,-54,-39,-63,-79,-87,2
ID_449,-39,-54,-53,-45,-68,-78,-81,2
ID_450,-48,-56,-54,-39,-67,-78,-82,2
ID_451,-43,-58,-56,-43,-67,-78,-82,2
ID_452,-41,-57,-55,-43,-65,-71,-76,2
ID_453,-39,-56,-54,-48,-61,-78,-67,2
ID_454,-38,-54,-50,-42,-60,-71,-67,2
ID_455,-38,-56,-53,-47,-61,-72,-83,2
ID_456,-39,-56,-55,-39,-68,-74,-73,2
ID_457,-38,-50,-71,-39,-68,-78,-74,2
ID_458,-38,-57,-60,-39,-68,-73,-74,2
ID_459,-37,-50,-53,-42,-65,-72,-71,2
ID_460,-40,-50,-49,-51,-65,-75,-80,2
ID_461,-38,-52,-56,-44,-65,-71,-75,2
ID_462,-38,-51,-54,-45,-67,-72,-76,2
ID_463,-40,-55,-47,-47,-64,-75,-79,2
ID_464,-39,-56,-53,-40,-69,-75,-72,2
ID_465,-43,-58,-50,-45,-71,-68,-74,2
ID_466,-40,-53,-50,-40,-60,-69,-74,2
ID_467,-38,-58,-59,-37,-66,-74,-67,2
ID_468,-38,-63,-61,-43,-64,-76,-76,2
ID_469,-37,-56,-58,-39,-66,-70,-72,2
ID_470,-20,-63,-61,-35,-70,-73,-71,2
ID_471,-39,-57,-55,-37,-67,-70,-73,2
ID_472,-35,-58,-59,-40,-75,-75,-73,2
ID_473,-19,-59,-55,-37,-73,-72,-66,2
ID_474,-20,-56,-55,-37,-61,-79,-72,2
ID_475,-35,-54,-55,-40,-61,-79,-73,2
ID_476,-19,-60,-56,-36,-63,-70,-75,2
ID_477,-15,-60,-59,-37,-65,-74,-73,2
ID_478,-18,-60,-59,-17,-68,-75,-75,2
ID_479,-19,-63,-66,-20,-79,-73,-72,2
ID_480,-14,-59,-64,-16,-79,-76,-72,2
ID_481,-13,-63,-65,-16,-74,-73,-74,2
ID_482,-13,-60,-63,-18,-70,-73,-73,2
ID_483,-12,-60,-68,-15,-74,-73,-70,2
ID_484,-12,-64,-63,-18,-69,-72,-74,2
ID_485,-17,-63,-65,-27,-86,-72,-74,2
ID_486,-27,-59,-56,-38,-62,-75,-79,2
ID_487,-41,-58,-66,-41,-73,-71,-79,2
ID_488,-39,-54,-55,-37,-71,-64,-67,2
ID_489,-38,-56,-55,-39,-75,-71,-75,2
ID_490,-38,-62,-57,-41,-77,-65,-68,2
ID_491,-41,-57,-64,-42,-74,-69,-70,2
ID_492,-43,-59,-63,-40,-74,-66,-64,2
ID_493,-44,-58,-63,-39,-80,-71,-72,2
ID_494,-45,-58,-63,-45,-80,-76,-65,2
ID_495,-44,-57,-64,-40,-75,-69,-64,2
ID_496,-42,-58,-63,-41,-75,-69,-67,2
ID_497,-44,-57,-62,-41,-75,-65,-68,2
ID_498,-45,-58,-62,-40,-73,-70,-67,2
ID_499,-41,-59,-65,-47,-75,-68,-66,2
ID_500,-40,-63,-67,-40,-75,-70,-70,2
ID_501,-40,-56,-57,-35,-84,-70,-66,2
ID_502,-36,-60,-57,-37,-68,-66,-77,2
ID_503,-36,-59,-57,-19,-70,-69,-75,2
ID_504,-17,-59,-63,-15,-70,-76,-85,2
ID_505,-35,-57,-54,-35,-64,-78,-76,2
ID_506,-39,-54,-55,-37,-61,-77,-79,2
ID_507,-42,-56,-52,-36,-75,-68,-81,2
ID_508,-39,-51,-64,-38,-71,-78,-78,2
ID_509,-43,-53,-53,-38,-63,-76,-73,2
ID_510,-40,-56,-56,-38,-66,-77,-74,2
ID_511,-41,-59,-53,-40,-62,-72,-76,2
ID_512,-42,-59,-57,-51,-62,-72,-76,2
ID_513,-49,-62,-59,-43,-78,-79,-81,2
ID_514,-48,-61,-58,-44,-75,-80,-89,2
ID_515,-50,-54,-60,-43,-74,-76,-77,2
ID_516,-49,-56,-58,-42,-77,-76,-78,2
ID_517,-51,-57,-59,-45,-77,-75,-81,2
ID_518,-50,-58,-57,-42,-76,-74,-80,2
ID_519,-48,-58,-58,-44,-71,-77,-79,2
ID_520,-50,-55,-58,-43,-73,-75,-80,2
ID_521,-50,-56,-63,-45,-71,-76,-78,2
ID_522,-50,-57,-58,-44,-82,-75,-78,2
ID_523,-50,-55,-59,-41,-82,-75,-78,2
ID_524,-48,-63,-58,-44,-74,-79,-78,2
ID_525,-45,-56,-60,-46,-81,-79,-75,2
ID_526,-50,-57,-61,-50,-74,-83,-79,2
ID_527,-50,-57,-57,-50,-70,-77,-80,2
ID_528,-50,-55,-57,-48,-80,-81,-76,2
ID_529,-49,-56,-60,-47,-72,-80,-79,2
ID_530,-48,-57,-60,-44,-71,-85,-77,2
ID_531,-49,-56,-59,-49,-74,-82,-80,2
ID_532,-48,-63,-55,-42,-71,-81,-79,2
ID_533,-44,-63,-67,-46,-63,-81,-78,2
ID_534,-40,-59,-67,-50,-68,-79,-78,2
ID_535,-40,-63,-64,-50,-64,-75,-78,2
ID_536,-52,-60,-65,-48,-64,-79,-75,2
ID_537,-42,-58,-65,-46,-71,-77,-73,2
ID_538,-42,-61,-63,-44,-74,-76,-75,2
ID_539,-43,-62,-66,-43,-73,-77,-76,2
ID_540,-41,-60,-65,-51,-72,-74,-78,2
ID_541,-44,-59,-63,-42,-72,-79,-80,2
ID_542,-43,-60,-68,-46,-72,-83,-79,2
ID_543,-40,-58,-60,-49,-72,-74,-80,2
ID_544,-37,-54,-55,-38,-72,-76,-79,2
ID_545,-38,-55,-57,-37,-64,-68,-73,2
ID_546,-37,-56,-55,-38,-71,-75,-78,2
ID_547,-40,-55,-66,-39,-75,-73,-78,2
ID_548,-40,-56,-53,-42,-65,-72,-70,2
ID_549,-40,-59,-57,-39,-67,-81,-74,2
ID_550,-39,-56,-53,-49,-70,-80,-75,2
ID_551,-42,-60,-56,-44,-74,-76,-80,2
ID_552,-44,-54,-54,-45,-73,-71,-79,2
ID_553,-44,-57,-53,-46,-67,-78,-79,2
ID_554,-43,-55,-55,-44,-68,-76,-79,2
ID_555,-39,-59,-57,-42,-75,-78,-74,2
ID_556,-41,-57,-59,-44,-65,-76,-77,2
ID_557,-42,-57,-51,-41,-69,-77,-75,2
ID_558,-45,-58,-55,-46,-69,-75,-73,2
ID_559,-49,-56,-58,-50,-64,-75,-73,2
ID_560,-37,-58,-57,-37,-73,-75,-71,2
ID_561,-35,-58,-55,-38,-61,-74,-79,2
ID_562,-38,-55,-57,-41,-66,-73,-69,2
ID_563,-38,-53,-53,-38,-66,-70,-69,2
ID_564,-40,-50,-52,-48,-68,-73,-71,2
ID_565,-37,-53,-51,-37,-66,-71,-75,2
ID_566,-38,-56,-53,-28,-71,-67,-72,2
ID_567,-38,-51,-53,-37,-67,-67,-68,2
ID_568,-37,-56,-57,-39,-61,-72,-74,2
ID_569,-37,-56,-53,-43,-63,-72,-77,2
ID_570,-37,-59,-54,-39,-72,-75,-70,2
ID_571,-37,-60,-53,-39,-65,-70,-68,2
ID_572,-38,-58,-54,-38,-67,-72,-71,2
ID_573,-37,-60,-52,-38,-65,-70,-70,2
ID_574,-37,-60,-53,-37,-64,-68,-67,2
ID_575,-38,-57,-55,-38,-62,-67,-65,2
ID_576,-38,-56,-56,-37,-62,-67,-67,2
ID_577,-37,-59,-55,-38,-65,-67,-68,2
ID_578,-37,-60,-53,-38,-65,-67,-70,2
ID_579,-37,-61,-55,-40,-63,-70,-67,2
ID_580,-37,-58,-56,-38,-63,-75,-74,2
ID_581,-38,-59,-52,-44,-69,-68,-76,2
ID_582,-48,-58,-56,-38,-65,-67,-76,2
ID_583,-45,-58,-65,-38,-65,-66,-70,2
ID_584,-40,-58,-52,-41,-66,-63,-75,2
ID_585,-38,-52,-59,-48,-67,-64,-75,2
ID_586,-39,-55,-55,-47,-80,-66,-63,2
ID_587,-37,-55,-57,-42,-63,-65,-64,2
ID_588,-43,-53,-51,-42,-73,-71,-66,2
ID_589,-42,-53,-50,-44,-71,-68,-64,2
ID_590,-42,-54,-51,-47,-64,-70,-65,2
ID_591,-42,-55,-49,-45,-64,-70,-65,2
ID_592,-42,-54,-50,-45,-63,-68,-64,2
ID_593,-42,-53,-49,-44,-74,-70,-65,2
ID_594,-40,-54,-49,-43,-62,-70,-65,2
ID_595,-40,-53,-50,-40,-62,-69,-65,2
ID_596,-42,-54,-49,-41,-63,-69,-64,2
ID_597,-40,-52,-51,-45,-64,-70,-65,2
ID_598,-39,-53,-51,-40,-64,-67,-64,2
ID_599,-40,-52,-50,-41,-64,-69,-66,2
ID_600,-40,-55,-49,-40,-61,-69,-66,2
ID_601,-40,-53,-49,-41,-71,-66,-65,2
ID_602,-40,-52,-49,-41,-62,-69,-65,2
ID_603,-40,-53,-53,-40,-64,-64,-73,2
ID_604,-42,-54,-52,-40,-61,-73,-71,2
ID_605,-41,-58,-48,-40,-62,-72,-76,2
ID_606,-41,-55,-58,-43,-60,-71,-72,2
ID_607,-40,-55,-52,-43,-60,-76,-72,2
ID_608,-41,-55,-54,-40,-62,-71,-72,2
ID_609,-39,-53,-51,-43,-70,-72,-70,2
ID_610,-41,-52,-57,-41,-63,-73,-68,2
ID_611,-41,-52,-55,-40,-62,-76,-64,2
ID_612,-36,-60,-53,-35,-72,-71,-64,2
ID_613,-37,-55,-55,-42,-69,-66,-69,2
ID_614,-35,-56,-55,-36,-69,-67,-78,2
ID_615,-37,-54,-55,-42,-63,-71,-78,2
ID_616,-37,-51,-54,-43,-60,-69,-70,2
ID_617,-36,-55,-53,-46,-63,-68,-71,2
ID_618,-38,-54,-53,-42,-69,-72,-66,2
ID_619,-36,-51,-67,-40,-63,-74,-68,2
ID_620,-36,-56,-53,-43,-63,-65,-70,2
ID_621,-35,-53,-55,-47,-61,-66,-71,2
ID_622,-35,-53,-57,-46,-64,-65,-70,2
ID_623,-35,-54,-59,-46,-62,-66,-70,2
ID_624,-35,-53,-58,-44,-63,-68,-71,2
ID_625,-36,-53,-57,-40,-66,-70,-69,2
ID_626,-36,-56,-57,-46,-68,-68,-70,2
ID_627,-37,-50,-56,-39,-67,-69,-70,2
ID_628,-37,-49,-57,-42,-62,-64,-71,2
ID_629,-36,-54,-53,-46,-63,-66,-76,2
ID_630,-35,-59,-57,-42,-66,-71,-70,2
ID_631,-37,-58,-60,-37,-75,-65,-67,2
ID_632,-40,-54,-57,-42,-64,-67,-71,2
ID_633,-44,-58,-58,-41,-75,-70,-64,2
ID_634,-41,-57,-63,-40,-73,-66,-65,2
ID_635,-37,-56,-55,-45,-64,-61,-69,2
ID_636,-41,-58,-54,-42,-71,-65,-71,2
ID_637,-40,-55,-56,-36,-64,-65,-66,2
ID_638,-40,-57,-58,-38,-64,-74,-79,2
ID_639,-39,-51,-57,-36,-64,-65,-71,2
ID_640,-35,-57,-59,-36,-63,-74,-75,2
ID_641,-35,-57,-53,-34,-64,-76,-76,2
ID_642,-19,-57,-59,-38,-66,-72,-71,2
ID_643,-15,-58,-56,-15,-74,-76,-71,2
ID_644,-14,-54,-57,-15,-69,-82,-71,2
ID_645,-10,-57,-57,-36,-73,-82,-72,2
ID_646,-14,-55,-57,-34,-67,-71,-72,2
ID_647,-14,-55,-58,-36,-67,-72,-74,2
ID_648,-15,-55,-57,-16,-71,-72,-74,2
ID_649,-16,-55,-56,-15,-64,-78,-76,2
ID_650,-17,-53,-57,-17,-70,-77,-73,2
ID_651,-34,-55,-58,-15,-65,-73,-72,2
ID_652,-34,-54,-61,-34,-70,-72,-73,2
ID_653,-35,-55,-52,-14,-71,-69,-82,2
ID_654,-18,-50,-57,-36,-62,-66,-71,2
ID_655,-27,-60,-56,-18,-65,-68,-72,2
ID_656,-18,-57,-63,-16,-72,-73,-66,2
ID_657,-18,-57,-63,-34,-72,-65,-75,2
ID_658,-37,-56,-58,-45,-65,-67,-72,2
ID_659,-35,-58,-50,-35,-62,-72,-67,2
ID_660,-37,-51,-56,-36,-62,-72,-71,2
ID_661,-38,-55,-51,-43,-64,-73,-73,2
ID_662,-38,-55,-51,-41,-72,-70,-73,2
ID_663,-43,-55,-54,-42,-58,-71,-72,2
ID_664,-40,-57,-57,-43,-68,-89,-72,2
ID_665,-39,-56,-53,-46,-57,-73,-77,2
ID_666,-36,-57,-52,-40,-66,-75,-75,2
ID_667,-40,-55,-57,-37,-71,-79,-77,2
ID_668,-46,-54,-53,-48,-71,-78,-73,2
ID_669,-40,-57,-51,-46,-65,-75,-79,2
ID_670,-48,-56,-55,-46,-65,-86,-79,2
ID_671,-45,-59,-54,-51,-69,-77,-85,2
ID_672,-46,-58,-56,-43,-70,-72,-80,2
ID_673,-39,-54,-56,-40,-70,-77,-78,2
ID_674,-41,-58,-60,-47,-70,-82,-74,2
ID_675,-40,-54,-54,-45,-71,-76,-74,2
ID_676,-42,-55,-56,-43,-73,-76,-75,2
ID_677,-41,-60,-54,-43,-73,-80,-74,2
ID_678,-42,-54,-55,-49,-67,-80,-74,2
ID_679,-40,-55,-57,-50,-66,-75,-73,2
ID_680,-42,-55,-57,-44,-69,-73,-77,2
ID_681,-45,-55,-54,-43,-71,-89,-77,2
ID_682,-46,-55,-54,-45,-62,-76,-73,2
ID_683,-47,-58,-55,-45,-62,-79,-85,2
ID_684,-46,-59,-55,-49,-69,-74,-84,2
ID_685,-45,-57,-55,-48,-67,-77,-84,2
ID_686,-46,-59,-54,-52,-67,-77,-83,2
ID_687,-43,-55,-54,-47,-67,-77,-79,2
ID_688,-39,-53,-56,-48,-66,-69,-72,2
ID_689,-37,-52,-57,-36,-71,-66,-75,2
ID_690,-42,-52,-54,-35,-65,-69,-73,2
ID_691,-37,-50,-50,-36,-58,-69,-75,2
ID_692,-38,-57,-50,-38,-60,-74,-69,2
ID_693,-39,-55,-54,-48,-76,-73,-80,2
ID_694,-49,-54,-55,-53,-66,-73,-80,2
ID_695,-42,-54,-58,-41,-63,-75,-78,2
ID_696,-40,-55,-53,-36,-60,-77,-77,2
ID_697,-37,-56,-56,-35,-69,-73,-69,2
ID_698,-40,-59,-59,-39,-73,-71,-72,2
ID_699,-36,-58,-59,-36,-69,-71,-77,2
ID_700,-40,-58,-57,-40,-74,-79,-77,2
ID_701,-42,-51,-54,-41,-67,-72,-77,2
ID_702,-41,-55,-53,-37,-64,-79,-76,2
ID_703,-42,-54,-49,-41,-68,-71,-77,2
ID_704,-38,-53,-51,-39,-68,-76,-72,2
ID_705,-34,-48,-51,-37,-70,-78,-69,2
ID_706,-34,-53,-59,-36,-75,-73,-69,2
ID_707,-35,-56,-52,-36,-72,-69,-67,2
ID_708,-36,-55,-55,-36,-60,-73,-72,2
ID_709,-35,-54,-56,-34,-61,-71,-74,2
ID_710,-35,-54,-54,-35,-59,-73,-70,2
ID_711,-36,-54,-54,-36,-62,-71,-70,2
ID_712,-34,-57,-55,-35,-59,-71,-69,2
ID_713,-36,-58,-52,-26,-61,-70,-70,2
ID_714,-34,-61,-52,-27,-61,-67,-69,2
ID_715,-35,-56,-57,-34,-60,-73,-80,2
ID_716,-34,-61,-61,-36,-60,-73,-76,2
ID_717,-35,-59,-57,-27,-61,-71,-76,2
ID_718,-35,-60,-54,-35,-61,-81,-80,2
ID_719,-36,-60,-53,-36,-63,-70,-77,2
ID_720,-34,-62,-57,-36,-61,-71,-71,2
ID_721,-36,-59,-57,-35,-61,-65,-80,2
ID_722,-37,-59,-57,-36,-64,-66,-70,2
ID_723,-36,-59,-55,-36,-65,-66,-70,2
ID_724,-36,-59,-55,-40,-65,-66,-69,2
ID_725,-35,-55,-56,-37,-66,-65,-69,2
ID_726,-34,-55,-55,-36,-62,-70,-71,2
ID_727,-35,-58,-55,-36,-62,-70,-73,2
ID_728,-36,-61,-57,-27,-71,-73,-70,2
ID_729,-13,-54,-57,-21,-77,-72,-72,2
ID_730,-12,-54,-54,-11,-70,-75,-74,2
ID_731,-17,-56,-54,-36,-66,-73,-77,2
ID_732,-18,-53,-60,-17,-71,-74,-71,2
ID_733,-36,-54,-56,-16,-61,-64,-79,2
ID_734,-36,-55,-65,-34,-66,-70,-74,2
ID_735,-36,-54,-57,-34,-60,-69,-75,2
ID_736,-39,-57,-54,-38,-56,-70,-72,2
ID_737,-26,-57,-53,-37,-67,-72,-69,2
ID_738,-17,-57,-55,-15,-62,-68,-70,2
ID_739,-17,-56,-57,-35,-71,-69,-74,2
ID_740,-11,-63,-65,-18,-70,-72,-73,2
ID_741,-10,-58,-54,-18,-70,-72,-73,2
ID_742,-12,-55,-57,-16,-70,-76,-75,2
ID_743,-12,-56,-58,-16,-70,-75,-79,2
ID_744,-10,-58,-62,-20,-73,-76,-74,2
ID_745,-13,-55,-55,-21,-70,-73,-77,2
ID_746,-36,-55,-50,-41,-66,-72,-69,2
ID_747,-35,-52,-55,-38,-62,-66,-85,2
ID_748,-38,-54,-52,-36,-63,-65,-70,2
ID_749,-39,-52,-53,-36,-61,-67,-70,2
ID_750,-40,-53,-55,-37,-71,-75,-74,2
ID_751,-48,-54,-50,-49,-61,-81,-84,3
ID_752,-54,-53,-54,-50,-63,-79,-77,3
ID_753,-50,-56,-54,-50,-71,-79,-77,3
ID_754,-49,-57,-52,-51,-60,-89,-83,3
ID_755,-48,-52,-54,-47,-61,-80,-86,3
ID_756,-46,-56,-53,-53,-61,-87,-77,3
ID_757,-52,-56,-58,-48,-59,-87,-92,3
ID_758,-45,-51,-59,-53,-62,-82,-85,3
ID_759,-46,-56,-57,-55,-66,-82,-85,3
ID_760,-49,-53,-55,-46,-59,-81,-93,3
ID_761,-49,-52,-58,-46,-57,-77,-77,3
ID_762,-49,-49,-53,-47,-57,-80,-77,3
ID_763,-50,-49,-54,-48,-62,-79,-75,3
ID_764,-56,-51,-47,-51,-71,-79,-75,3
ID_765,-60,-50,-49,-54,-71,-83,-82,3
ID_766,-60,-54,-50,-50,-60,-84,-85,3
ID_767,-48,-56,-50,-45,-61,-80,-80,3
ID_768,-49,-49,-53,-48,-63,-84,-88,3
ID_769,-48,-50,-55,-50,-66,-78,-75,3
ID_770,-53,-55,-55,-53,-66,-79,-86,3
ID_771,-46,-58,-54,-49,-62,-81,-88,3
ID_772,-46,-56,-54,-49,-63,-81,-82,3
ID_773,-47,-54,-55,-47,-66,-78,-86,3
ID_774,-47,-53,-49,-49,-66,-76,-80,3
ID_775,-45,-54,-48,-49,-65,-78,-81,3
ID_776,-45,-53,-55,-49,-63,-78,-81,3
ID_777,-46,-54,-53,-48,-64,-78,-79,3
ID_778,-45,-54,-54,-48,-63,-78,-82,3
ID_779,-45,-53,-55,-50,-63,-83,-82,3
ID_780,-45,-55,-54,-47,-63,-78,-80,3
ID_781,-46,-53,-54,-46,-63,-79,-82,3
ID_782,-46,-52,-54,-47,-64,-79,-81,3
ID_783,-46,-60,-54,-48,-63,-80,-83,3
ID_784,-46,-54,-53,-47,-63,-85,-80,3
ID_785,-47,-55,-55,-49,-67,-85,-80,3
ID_786,-46,-58,-55,-49,-64,-78,-84,3
ID_787,-46,-60,-56,-47,-66,-83,-85,3
ID_788,-49,-52,-61,-52,-61,-82,-88,3
ID_789,-48,-55,-58,-49,-67,-83,-88,3
ID_790,-48,-52,-52,-56,-68,-81,-84,3
ID_791,-49,-51,-58,-45,-65,-83,-84,3
ID_792,-52,-60,-59,-40,-60,-81,-81,3
ID_793,-52,-56,-56,-41,-63,-77,-80,3
ID_794,-48,-57,-54,-50,-66,-83,-78,3
ID_795,-49,-53,-51,-53,-67,-81,-83,3
ID_796,-48,-53,-51,-50,-66,-79,-86,3
ID_797,-47,-55,-54,-50,-72,-80,-88,3
ID_798,-49,-52,-56,-48,-55,-81,-82,3
ID_799,-53,-54,-59,-54,-62,-81,-82,3
ID_800,-55,-51,-52,-48,-60,-78,-86,3
ID_801,-49,-52,-57,-54,-59,-85,-88,3
ID_802,-54,-55,-52,-50,-58,-78,-86,3
ID_803,-51,-56,-51,-58,-58,-80,-86,3
ID_804,-51,-51,-52,-57,-56,-81,-77,3
ID_805,-46,-54,-50,-54,-59,-81,-77,3
ID_806,-49,-53,-50,-55,-59,-80,-87,3
ID_807,-48,-50,-54,-51,-59,-77,-75,3
ID_808,-49,-53,-53,-51,-64,-79,-80,3
ID_809,-48,-53,-50,-55,-66,-83,-82,3
ID_810,-50,-57,-53,-49,-67,-83,-82,3
ID_811,-45,-59,-56,-54,-64,-84,-78,3
ID_812,-50,-57,-60,-43,-66,-77,-82,3
ID_813,-46,-53,-52,-45,-62,-79,-78,3
ID_814,-47,-53,-55,-57,-62,-80,-78,3
ID_815,-48,-55,-54,-48,-67,-85,-81,3
ID_816,-44,-53,-55,-48,-66,-79,-86,3
ID_817,-43,-55,-53,-52,-60,-78,-86,3
ID_818,-50,-56,-56,-60,-60,-78,-86,3
ID_819,-50,-58,-54,-51,-60,-80,-82,3
ID_820,-51,-56,-51,-55,-62,-85,-83,3
ID_821,-47,-54,-49,-52,-58,-79,-86,3
ID_822,-54,-59,-52,-63,-62,-76,-81,3
ID_823,-52,-57,-51,-55,-65,-85,-85,3
ID_824,-52,-57,-61,-59,-59,-85,-85,3
ID_825,-52,-48,-56,-53,-62,-78,-81,3
ID_826,-49,-55,-51,-49,-63,-81,-73,3
ID_827,-46,-48,-52,-52,-62,-77,-80,3
ID_828,-45,-56,-57,-47,-61,-76,-78,3
ID_829,-48,-55,-58,-52,-64,-92,-79,3
ID_830,-49,-52,-48,-52,-62,-78,-75,3
ID_831,-49,-50,-51,-50,-62,-75,-75,3
ID_832,-49,-55,-48,-49,-62,-79,-84,3
ID_833,-50,-56,-48,-48,-63,-80,-91,3
ID_834,-50,-58,-51,-52,-60,-81,-79,3
ID_835,-49,-52,-46,-48,-60,-79,-80,3
ID_836,-52,-52,-49,-49,-58,-77,-84,3
ID_837,-45,-50,-52,-53,-61,-75,-79,3
ID_838,-49,-52,-48,-44,-59,-80,-78,3
ID_839,-47,-58,-49,-45,-66,-85,-79,3
ID_840,-51,-52,-49,-50,-63,-79,-79,3
ID_841,-49,-51,-53,-41,-64,-77,-79,3
ID_842,-49,-52,-54,-52,-60,-83,-79,3
ID_843,-50,-56,-53,-40,-65,-86,-80,3
ID_844,-47,-58,-56,-44,-64,-80,-85,3
ID_845,-47,-53,-54,-49,-63,-88,-85,3
ID_846,-50,-57,-54,-44,-67,-85,-85,3
ID_847,-46,-57,-52,-43,-69,-86,-85,3
ID_848,-45,-50,-57,-49,-63,-81,-82,3
ID_849,-48,-59,-53,-45,-74,-81,-81,3
ID_850,-46,-55,-58,-47,-64,-78,-78,3
ID_851,-51,-55,-54,-49,-60,-79,-84,3
ID_852,-51,-58,-51,-51,-62,-79,-86,3
ID_853,-53,-59,-51,-41,-59,-78,-77,3
ID_854,-49,-54,-55,-49,-63,-81,-87,3
ID_855,-52,-52,-57,-45,-67,-81,-86,3
ID_856,-50,-55,-51,-57,-58,-86,-86,3
ID_857,-45,-53,-50,-49,-67,-75,-77,3
ID_858,-49,-55,-49,-49,-60,-80,-79,3
ID_859,-46,-53,-54,-52,-64,-79,-84,3
ID_860,-46,-49,-51,-45,-62,-79,-79,3
ID_861,-54,-52,-53,-43,-68,-79,-79,3
ID_862,-51,-55,-50,-50,-59,-79,-85,3
ID_863,-48,-60,-57,-52,-61,-85,-84,3
ID_864,-51,-63,-55,-54,-69,-84,-79,3
ID_865,-52,-64,-54,-56,-70,-84,-78,3
ID_866,-52,-64,-54,-54,-68,-85,-79,3
ID_867,-52,-62,-55,-52,-67,-83,-75,3
ID_868,-52,-60,-52,-54,-66,-85,-79,3
ID_869,-51,-60,-55,-53,-72,-85,-78,3
ID_870,-50,-59,-55,-47,-72,-79,-80,3
ID_871,-51,-52,-56,-56,-63,-79,-80,3
ID_872,-51,-55,-51,-49,-61,-82,-81,3
ID_873,-53,-52,-51,-53,-64,-80,-81,3
ID_874,-51,-51,-52,-52,-63,-84,-78,3
ID_875,-52,-52,-52,-49,-62,-80,-80,3
ID_876,-51,-52,-51,-54,-61,-79,-76,3
ID_877,-51,-54,-52,-57,-62,-79,-79,3
ID_878,-50,-59,-53,-54,-65,-77,-78,3
ID_879,-53,-59,-48,-57,-66,-80,-77,3
ID_880,-52,-57,-50,-52,-65,-79,-77,3
ID_881,-51,-57,-51,-51,-65,-80,-80,3
ID_882,-52,-57,-50,-51,-65,-79,-79,3
ID_883,-52,-57,-49,-50,-66,-80,-80,3
ID_884,-52,-56,-50,-56,-66,-81,-80,3
ID_885,-52,-56,-50,-56,-69,-79,-78,3
ID_886,-53,-58,-50,-52,-66,-78,-79,3
ID_887,-53,-56,-50,-50,-67,-80,-81,3
ID_888,-49,-56,-49,-52,-64,-83,-80,3
ID_889,-52,-56,-47,-53,-61,-78,-79,3
ID_890,-52,-57,-50,-52,-60,-78,-79,3
ID_891,-53,-56,-46,-51,-62,-80,-80,3
ID_892,-53,-57,-50,-54,-60,-80,-81,3
ID_893,-52,-56,-50,-52,-60,-80,-80,3
ID_894,-52,-56,-50,-54,-59,-79,-80,3
ID_895,-52,-58,-51,-53,-60,-80,-80,3
ID_896,-52,-55,-56,-51,-69,-85,-85,3
ID_897,-50,-55,-54,-50,-69,-79,-82,3
ID_898,-53,-55,-54,-51,-69,-79,-81,3
ID_899,-52,-56,-53,-53,-70,-80,-78,3
ID_900,-50,-52,-53,-53,-67,-86,-85,3
ID_901,-49,-58,-55,-52,-60,-83,-84,3
ID_902,-50,-49,-52,-56,-69,-80,-81,3
ID_903,-46,-56,-52,-51,-62,-85,-81,3
ID_904,-48,-53,-54,-45,-61,-86,-83,3
ID_905,-50,-56,-53,-52,-68,-84,-77,3
ID_906,-50,-52,-52,-56,-67,-80,-89,3
ID_907,-51,-53,-52,-55,-68,-78,-91,3
ID_908,-51,-60,-52,-52,-67,-79,-91,3
ID_909,-51,-52,-51,-51,-64,-79,-89,3
ID_910,-52,-52,-50,-49,-66,-77,-88,3
ID_911,-50,-52,-52,-47,-65,-77,-89,3
ID_912,-51,-52,-51,-51,-65,-77,-89,3
ID_913,-51,-52,-51,-47,-65,-76,-87,3
ID_914,-51,-53,-49,-51,-65,-77,-89,3
ID_915,-51,-51,-51,-51,-65,-78,-88,3
ID_916,-51,-52,-51,-50,-69,-77,-88,3
ID_917,-52,-53,-49,-50,-69,-79,-87,3
ID_918,-51,-53,-50,-51,-66,-77,-88,3
ID_919,-51,-52,-52,-50,-69,-78,-86,3
ID_920,-51,-53,-52,-54,-65,-77,-87,3
ID_921,-52,-53,-53,-56,-64,-78,-88,3
ID_922,-50,-53,-52,-50,-64,-78,-88,3
ID_923,-51,-52,-51,-55,-66,-78,-89,3
ID_924,-52,-53,-51,-55,-65,-78,-88,3
ID_925,-51,-52,-52,-56,-68,-79,-87,3
ID_926,-51,-53,-52,-55,-67,-78,-88,3
ID_927,-51,-53,-56,-56,-64,-77,-88,3
ID_928,-51,-52,-53,-55,-64,-78,-91,3
ID_929,-50,-54,-54,-54,-66,-77,-86,3
ID_930,-49,-53,-50,-55,-64,-79,-86,3
ID_931,-51,-52,-50,-56,-67,-79,-91,3
ID_932,-50,-53,-50,-55,-68,-78,-87,3
ID_933,-50,-53,-53,-55,-67,-78,-89,3
ID_934,-50,-52,-52,-55,-67,-79,-91,3
ID_935,-51,-53,-55,-50,-67,-76,-88,3
ID_936,-50,-52,-52,-50,-67,-78,-89,3
ID_937,-48,-54,-54,-49,-67,-77,-89,3
ID_938,-49,-54,-53,-50,-70,-78,-86,3
ID_939,-50,-54,-53,-46,-66,-78,-87,3
ID_940,-50,-54,-52,-49,-67,-79,-86,3
ID_941,-49,-53,-50,-48,-67,-78,-88,3
ID_942,-52,-54,-53,-50,-68,-78,-85,3
ID_943,-50,-53,-52,-55,-67,-77,-88,3
ID_944,-49,-54,-53,-55,-67,-77,-86,3
ID_945,-50,-53,-52,-55,-68,-78,-86,3
ID_946,-49,-52,-53,-54,-65,-77,-88,3
ID_947,-50,-52,-51,-54,-67,-77,-88,3
ID_948,-50,-53,-53,-54,-67,-78,-86,3
ID_949,-49,-52,-52,-53,-65,-77,-85,3
ID_950,-52,-50,-53,-54,-68,-76,-85,3
ID_951,-51,-54,-53,-55,-66,-77,-85,3
ID_952,-51,-52,-56,-52,-66,-80,-89,3
ID_953,-48,-57,-49,-53,-62,-79,-87,3
ID_954,-47,-60,-59,-55,-70,-79,-85,3
ID_955,-57,-58,-56,-55,-71,-84,-87,3
ID_956,-55,-58,-55,-54,-70,-81,-87,3
ID_957,-55,-56,-58,-53,-70,-81,-88,3
ID_958,-55,-66,-57,-52,-70,-84,-84,3
ID_959,-52,-57,-58,-57,-68,-86,-83,3
ID_960,-50,-60,-73,-58,-68,-88,-92,3
ID_961,-49,-59,-57,-50,-72,-80,-91,3
ID_962,-49,-59,-56,-50,-63,-80,-91,3
ID_963,-49,-62,-56,-50,-63,-83,-89,3
ID_964,-49,-61,-56,-49,-64,-84,-89,3
ID_965,-49,-60,-55,-49,-63,-85,-89,3
ID_966,-49,-60,-56,-50,-63,-84,-87,3
ID_967,-49,-61,-55,-49,-62,-84,-89,3
ID_968,-49,-61,-55,-53,-72,-85,-92,3
ID_969,-53,-57,-62,-55,-60,-86,-83,3
ID_970,-51,-56,-60,-48,-60,-86,-83,3
ID_971,-45,-59,-57,-51,-62,-77,-85,3
ID_972,-48,-58,-55,-49,-60,-80,-83,3
ID_973,-49,-64,-53,-52,-63,-73,-78,3
ID_974,-48,-66,-57,-51,-70,-81,-80,3
ID_975,-49,-64,-58,-53,-70,-84,-80,3
ID_976,-48,-61,-57,-51,-67,-83,-76,3
ID_977,-49,-64,-58,-51,-70,-86,-78,3
ID_978,-51,-64,-59,-49,-71,-87,-77,3
ID_979,-51,-62,-59,-50,-66,-85,-77,3
ID_980,-51,-62,-59,-52,-68,-85,-78,3
ID_981,-47,-64,-57,-51,-64,-85,-78,3
ID_982,-45,-63,-60,-53,-67,-83,-85,3
ID_983,-51,-60,-57,-54,-64,-84,-83,3
ID_984,-51,-58,-55,-54,-67,-86,-83,3
ID_985,-49,-52,-52,-51,-63,-78,-74,3
ID_986,-51,-53,-54,-53,-62,-83,-82,3
ID_987,-46,-46,-52,-52,-57,-77,-82,3
ID_988,-48,-46,-50,-54,-63,-87,-77,3
ID_989,-54,-54,-50,-54,-60,-81,-79,3
ID_990,-49,-56,-53,-52,-58,-89,-86,3
ID_991,-52,-52,-53,-53,-56,-78,-79,3
ID_992,-52,-55,-55,-54,-65,-85,-78,3
ID_993,-55,-51,-51,-55,-59,-89,-78,3
ID_994,-63,-52,-51,-56,-59,-89,-84,3
ID_995,-55,-53,-52,-56,-58,-85,-88,3
ID_996,-56,-52,-51,-57,-64,-86,-91,3
ID_997,-56,-52,-50,-58,-57,-85,-88,3
ID_998,-54,-53,-50,-58,-58,-84,-87,3
ID_999,-53,-54,-53,-60,-60,-86,-91,3
ID_1000,-49,-54,-50,-55,-63,-85,-81,3
ID_1001,-50,-52,-54,-55,-64,-83,-74,3
ID_1002,-45,-52,-54,-53,-56,-83,-79,3
ID_1003,-45,-50,-50,-55,-57,-76,-75,3
ID_1004,-49,-55,-50,-53,-62,-76,-75,3
ID_1005,-48,-57,-51,-51,-60,-79,-80,3
ID_1006,-47,-50,-53,-47,-63,-76,-79,3
ID_1007,-50,-51,-49,-48,-54,-77,-77,3
ID_1008,-51,-47,-50,-49,-59,-80,-85,3
ID_1009,-46,-55,-48,-52,-62,-80,-79,3
ID_1010,-51,-52,-50,-49,-60,-77,-76,3
ID_1011,-49,-59,-57,-49,-67,-85,-83,3
ID_1012,-50,-56,-51,-49,-67,-84,-81,3
ID_1013,-51,-60,-59,-46,-68,-78,-83,3
ID_1014,-52,-54,-53,-51,-61,-83,-81,3
ID_1015,-46,-51,-50,-48,-64,-82,-78,3
ID_1016,-44,-56,-54,-52,-63,-80,-79,3
ID_1017,-49,-56,-54,-55,-62,-78,-81,3
ID_1018,-47,-52,-56,-56,-62,-83,-83,3
ID_1019,-51,-54,-53,-52,-63,-81,-76,3
ID_1020,-51,-54,-51,-53,-60,-86,-79,3
ID_1021,-45,-52,-52,-51,-64,-84,-84,3
ID_1022,-45,-46,-58,-53,-59,-77,-82,3
ID_1023,-47,-57,-57,-52,-69,-79,-77,3
ID_1024,-54,-61,-51,-44,-63,-79,-76,3
ID_1025,-44,-53,-51,-49,-60,-84,-76,3
ID_1026,-43,-57,-51,-52,-62,-79,-77,3
ID_1027,-50,-54,-49,-46,-64,-85,-77,3
ID_1028,-46,-60,-54,-50,-62,-79,-74,3
ID_1029,-46,-53,-47,-52,-57,-79,-85,3
ID_1030,-51,-48,-56,-53,-61,-80,-79,3
ID_1031,-52,-51,-49,-56,-65,-81,-83,3
ID_1032,-50,-57,-50,-59,-62,-91,-93,3
ID_1033,-53,-53,-50,-55,-59,-86,-81,3
ID_1034,-49,-55,-49,-49,-60,-81,-81,3
ID_1035,-47,-57,-49,-46,-63,-84,-86,3
ID_1036,-51,-52,-48,-48,-62,-85,-78,3
ID_1037,-51,-51,-45,-53,-59,-84,-76,3
ID_1038,-48,-54,-52,-54,-58,-87,-89,3
ID_1039,-50,-54,-51,-50,-66,-87,-85,3
ID_1040,-47,-55,-57,-50,-64,-80,-85,3
ID_1041,-50,-56,-57,-49,-68,-92,-80,3
ID_1042,-48,-57,-54,-47,-66,-79,-79,3
ID_1043,-42,-54,-48,-51,-64,-78,-87,3
ID_1044,-49,-56,-51,-54,-65,-79,-78,3
ID_1045,-51,-59,-51,-48,-67,-79,-79,3
ID_1046,-52,-60,-52,-48,-70,-79,-79,3
ID_1047,-53,-58,-50,-48,-64,-88,-80,3
ID_1048,-47,-54,-51,-47,-66,-88,-80,3
ID_1049,-48,-55,-51,-55,-69,-88,-80,3
ID_1050,-46,-53,-50,-53,-64,-81,-86,3
ID_1051,-52,-60,-51,-46,-63,-84,-77,3
ID_1052,-53,-57,-50,-47,-62,-86,-81,3
ID_1053,-53,-58,-51,-48,-63,-85,-78,3
ID_1054,-53,-58,-51,-48,-63,-88,-80,3
ID_1055,-52,-58,-50,-53,-64,-87,-81,3
ID_1056,-54,-56,-50,-50,-64,-87,-80,3
ID_1057,-52,-52,-51,-51,-74,-86,-80,3
ID_1058,-51,-62,-53,-51,-67,-79,-89,3
ID_1059,-51,-63,-51,-52,-66,-79,-89,3
ID_1060,-52,-61,-51,-52,-66,-80,-89,3
ID_1061,-53,-62,-51,-52,-67,-79,-89,3
ID_1062,-53,-62,-52,-53,-65,-79,-91,3
ID_1063,-46,-60,-52,-55,-61,-85,-85,3
ID_1064,-43,-59,-51,-53,-61,-83,-85,3
ID_1065,-44,-60,-52,-49,-63,-84,-84,3
ID_1066,-47,-57,-57,-52,-62,-86,-84,3
ID_1067,-47,-57,-56,-51,-64,-80,-86,3
ID_1068,-47,-56,-58,-56,-62,-81,-83,3
ID_1069,-48,-55,-58,-50,-63,-81,-86,3
ID_1070,-47,-55,-58,-50,-60,-81,-84,3
ID_1071,-47,-64,-53,-54,-60,-83,-84,3
ID_1072,-45,-63,-57,-55,-58,-79,-85,3
ID_1073,-45,-63,-57,-53,-57,-81,-84,3
ID_1074,-45,-60,-59,-52,-57,-83,-85,3
ID_1075,-45,-60,-56,-54,-59,-84,-85,3
ID_1076,-47,-56,-53,-53,-66,-85,-85,3
ID_1077,-48,-58,-52,-53,-61,-88,-83,3
ID_1078,-46,-55,-53,-52,-57,-81,-86,3
ID_1079,-46,-57,-53,-48,-58,-80,-86,3
ID_1080,-48,-55,-55,-52,-65,-80,-82,3
ID_1081,-53,-56,-51,-50,-61,-83,-81,3
ID_1082,-54,-55,-50,-49,-60,-84,-81,3
ID_1083,-53,-58,-51,-50,-62,-84,-81,3
ID_1084,-53,-54,-54,-50,-61,-82,-84,3
ID_1085,-52,-55,-52,-52,-62,-82,-84,3
ID_1086,-52,-56,-53,-50,-62,-84,-81,3
ID_1087,-52,-55,-51,-49,-62,-86,-84,3
ID_1088,-53,-55,-52,-46,-63,-86,-85,3
ID_1089,-53,-55,-51,-49,-65,-86,-84,3
ID_1090,-52,-54,-51,-49,-63,-87,-84,3
ID_1091,-52,-56,-51,-48,-64,-87,-84,3
ID_1092,-51,-55,-51,-48,-63,-88,-84,3
ID_1093,-52,-56,-51,-46,-63,-86,-82,3
ID_1094,-52,-55,-51,-49,-64,-87,-84,3
ID_1095,-51,-55,-52,-49,-64,-86,-83,3
ID_1096,-52,-54,-52,-49,-63,-86,-81,3
ID_1097,-52,-55,-52,-49,-63,-88,-85,3
ID_1098,-51,-55,-52,-48,-63,-87,-85,3
ID_1099,-52,-57,-53,-49,-61,-88,-85,3
ID_1100,-52,-56,-52,-49,-63,-87,-85,3
ID_1101,-52,-56,-52,-50,-65,-86,-84,3
ID_1102,-52,-56,-51,-50,-65,-87,-82,3
ID_1103,-51,-58,-52,-48,-68,-86,-84,3
ID_1104,-52,-56,-52,-49,-61,-86,-81,3
ID_1105,-52,-55,-52,-50,-61,-86,-84,3
ID_1106,-52,-56,-52,-44,-63,-87,-84,3
ID_1107,-52,-55,-52,-43,-61,-86,-83,3
ID_1108,-51,-57,-52,-49,-60,-84,-83,3
ID_1109,-46,-53,-51,-49,-68,-79,-85,3
ID_1110,-48,-51,-53,-48,-64,-81,-79,3
ID_1111,-49,-58,-49,-51,-59,-89,-79,3
ID_1112,-51,-55,-56,-49,-58,-84,-84,3
ID_1113,-50,-51,-51,-49,-63,-79,-80,3
ID_1114,-52,-57,-53,-47,-57,-80,-83,3
ID_1115,-50,-52,-55,-49,-64,-80,-86,3
ID_1116,-46,-52,-53,-44,-60,-79,-86,3
ID_1117,-45,-54,-53,-45,-68,-75,-84,3
ID_1118,-46,-53,-53,-43,-59,-83,-78,3
ID_1119,-49,-62,-52,-49,-63,-82,-83,3
ID_1120,-48,-57,-53,-43,-64,-81,-85,3
ID_1121,-49,-53,-50,-45,-64,-74,-85,3
ID_1122,-48,-54,-56,-49,-66,-81,-80,3
ID_1123,-49,-53,-55,-52,-57,-86,-86,3
ID_1124,-51,-52,-53,-51,-59,-86,-78,3
ID_1125,-48,-52,-49,-52,-63,-79,-77,3
ID_1126,-58,-56,-47,-62,-36,-85,-84,4
ID_1127,-61,-52,-49,-56,-46,-84,-83,4
ID_1128,-55,-50,-51,-61,-48,-82,-79,4
ID_1129,-61,-52,-43,-60,-47,-89,-85,4
ID_1130,-58,-59,-44,-57,-54,-82,-89,4
ID_1131,-59,-52,-59,-61,-54,-87,-89,4
ID_1132,-59,-51,-56,-59,-51,-87,-86,4
ID_1133,-59,-52,-56,-59,-51,-89,-84,4
ID_1134,-59,-52,-56,-59,-51,-89,-87,4
ID_1135,-59,-52,-57,-59,-50,-88,-88,4
ID_1136,-59,-53,-57,-60,-51,-89,-95,4
ID_1137,-59,-54,-59,-60,-50,-87,-86,4
ID_1138,-59,-53,-56,-59,-51,-87,-89,4
ID_1139,-59,-53,-57,-59,-50,-88,-88,4
ID_1140,-59,-57,-56,-61,-52,-86,-85,4
ID_1141,-60,-54,-54,-60,-64,-88,-88,4
ID_1142,-59,-53,-57,-60,-51,-87,-88,4
ID_1143,-58,-52,-58,-60,-52,-86,-89,4
ID_1144,-59,-52,-56,-58,-55,-88,-87,4
ID_1145,-59,-52,-55,-60,-55,-87,-88,4
ID_1146,-59,-51,-54,-59,-55,-87,-88,4
ID_1147,-59,-51,-55,-59,-53,-88,-88,4
ID_1148,-59,-56,-55,-59,-54,-87,-88,4
ID_1149,-59,-52,-55,-59,-55,-88,-85,4
ID_1150,-58,-51,-56,-59,-54,-87,-87,4
ID_1151,-59,-50,-55,-59,-54,-88,-87,4
ID_1152,-59,-50,-55,-59,-53,-86,-87,4
ID_1153,-59,-50,-59,-59,-55,-85,-87,4
ID_1154,-59,-51,-55,-59,-54,-87,-88,4
ID_1155,-59,-51,-57,-59,-53,-87,-92,4
ID_1156,-59,-53,-56,-60,-53,-85,-86,4
ID_1157,-59,-53,-57,-62,-55,-88,-85,4
ID_1158,-58,-52,-57,-60,-52,-86,-88,4
ID_1159,-58,-50,-54,-60,-53,-86,-89,4
ID_1160,-59,-52,-57,-60,-54,-91,-89,4
ID_1161,-59,-52,-55,-59,-52,-88,-87,4
ID_1162,-57,-52,-56,-60,-52,-91,-85,4
ID_1163,-57,-51,-56,-57,-50,-88,-86,4
ID_1164,-57,-50,-58,-60,-51,-87,-88,4
ID_1165,-60,-50,-57,-60,-50,-89,-86,4
ID_1166,-59,-51,-56,-58,-51,-95,-84,4
ID_1167,-58,-51,-56,-58,-50,-88,-88,4
ID_1168,-59,-51,-56,-58,-50,-88,-86,4
ID_1169,-59,-50,-57,-59,-51,-87,-85,4
ID_1170,-59,-51,-57,-59,-52,-87,-86,4
ID_1171,-59,-50,-57,-61,-51,-85,-86,4
ID_1172,-59,-51,-54,-60,-50,-87,-86,4
ID_1173,-59,-51,-57,-59,-51,-89,-86,4
ID_1174,-59,-51,-56,-61,-50,-86,-86,4
ID_1175,-59,-50,-57,-60,-49,-91,-86,4
ID_1176,-59,-51,-57,-60,-49,-87,-88,4
ID_1177,-59,-53,-55,-60,-51,-87,-87,4
ID_1178,-59,-52,-57,-58,-50,-86,-88,4
ID_1179,-59,-52,-57,-60,-49,-86,-88,4
ID_1180,-60,-53,-59,-59,-53,-86,-86,4
ID_1181,-57,-52,-56,-62,-52,-92,-85,4
ID_1182,-56,-51,-43,-59,-47,-83,-89,4
ID_1183,-55,-52,-46,-59,-53,-88,-84,4
ID_1184,-56,-58,-48,-60,-51,-85,-85,4
ID_1185,-63,-58,-52,-59,-51,-88,-94,4
ID_1186,-57,-61,-53,-59,-52,-87,-89,4
ID_1187,-58,-61,-52,-61,-53,-85,-88,4
ID_1188,-57,-57,-51,-60,-53,-85,-89,4
ID_1189,-57,-60,-49,-61,-54,-85,-88,4
ID_1190,-57,-61,-56,-60,-53,-86,-86,4
ID_1191,-58,-54,-52,-61,-53,-85,-89,4
ID_1192,-55,-56,-47,-54,-49,-81,-79,4
ID_1193,-58,-55,-55,-54,-49,-78,-79,4
ID_1194,-63,-54,-50,-55,-50,-85,-79,4
ID_1195,-58,-55,-53,-59,-52,-81,-84,4
ID_1196,-59,-59,-52,-60,-51,-87,-86,4
ID_1197,-57,-55,-57,-59,-48,-85,-84,4
ID_1198,-59,-57,-53,-58,-55,-85,-86,4
ID_1199,-59,-59,-52,-59,-53,-87,-87,4
ID_1200,-59,-56,-53,-60,-49,-85,-84,4
ID_1201,-58,-56,-56,-61,-52,-85,-85,4
ID_1202,-58,-59,-56,-60,-50,-86,-83,4
ID_1203,-57,-57,-54,-58,-56,-84,-87,4
ID_1204,-55,-56,-48,-60,-55,-84,-84,4
ID_1205,-52,-61,-48,-60,-51,-80,-80,4
ID_1206,-54,-57,-50,-61,-53,-83,-82,4
ID_1207,-55,-53,-51,-62,-56,-85,-87,4
ID_1208,-58,-55,-51,-66,-54,-86,-85,4
ID_1209,-58,-53,-49,-60,-48,-86,-91,4
ID_1210,-55,-48,-49,-62,-55,-86,-91,4
ID_1211,-59,-57,-50,-59,-50,-89,-80,4
ID_1212,-64,-55,-52,-74,-53,-89,-80,4
ID_1213,-62,-62,-49,-66,-47,-93,-80,4
ID_1214,-64,-57,-53,-64,-47,-88,-91,4
ID_1215,-64,-59,-51,-62,-51,-88,-91,4
ID_1216,-63,-56,-53,-60,-49,-88,-88,4
ID_1217,-61,-58,-54,-63,-47,-88,-81,4
ID_1218,-63,-57,-52,-64,-52,-88,-93,4
ID_1219,-64,-58,-50,-65,-50,-91,-85,4
ID_1220,-66,-57,-55,-64,-52,-91,-87,4
ID_1221,-61,-55,-54,-69,-53,-84,-89,4
ID_1222,-61,-61,-50,-64,-51,-84,-89,4
ID_1223,-60,-60,-51,-64,-53,-87,-87,4
ID_1224,-62,-63,-52,-70,-48,-87,-87,4
ID_1225,-64,-57,-53,-66,-48,-92,-87,4
ID_1226,-63,-54,-53,-65,-52,-92,-89,4
ID_1227,-63,-57,-57,-70,-50,-92,-87,4
ID_1228,-70,-59,-56,-64,-46,-88,-95,4
ID_1229,-65,-62,-49,-67,-45,-88,-94,4
ID_1230,-63,-59,-53,-70,-46,-86,-88,4
ID_1231,-61,-61,-52,-68,-45,-88,-88,4
ID_1232,-62,-61,-51,-68,-48,-88,-88,4
ID_1233,-63,-57,-53,-63,-48,-85,-92,4
ID_1234,-62,-55,-53,-65,-50,-88,-93,4
ID_1235,-64,-59,-52,-65,-50,-88,-85,4
ID_1236,-61,-60,-53,-61,-52,-87,-87,4
ID_1237,-60,-61,-58,-63,-49,-84,-85,4
ID_1238,-63,-57,-57,-62,-51,-89,-84,4
ID_1239,-63,-58,-50,-63,-48,-91,-85,4
ID_1240,-64,-54,-56,-66,-52,-88,-85,4
ID_1241,-63,-59,-51,-72,-55,-96,-92,4
ID_1242,-61,-57,-53,-65,-50,-87,-91,4
ID_1243,-61,-56,-49,-60,-52,-91,-85,4
ID_1244,-61,-55,-45,-55,-56,-85,-85,4
ID_1245,-61,-61,-49,-58,-54,-94,-85,4
ID_1246,-66,-59,-52,-63,-59,-88,-87,4
ID_1247,-61,-61,-51,-62,-54,-85,-91,4
ID_1248,-64,-60,-53,-60,-48,-89,-89,4
ID_1249,-65,-61,-56,-67,-50,-89,-91,4
ID_1250,-64,-66,-58,-70,-50,-89,-93,4
ID_1251,-63,-58,-57,-61,-52,-89,-93,4
ID_1252,-63,-57,-60,-69,-49,-93,-93,4
ID_1253,-64,-55,-55,-62,-49,-93,-85,4
ID_1254,-59,-62,-54,-62,-46,-87,-91,4
ID_1255,-64,-58,-49,-64,-49,-92,-91,4
ID_1256,-66,-54,-53,-71,-48,-92,-91,4
ID_1257,-66,-56,-56,-63,-50,-89,-91,4
ID_1258,-66,-54,-54,-64,-47,-89,-86,4
ID_1259,-67,-55,-56,-64,-50,-88,-87,4
ID_1260,-66,-56,-56,-66,-49,-89,-87,4
ID_1261,-66,-56,-55,-67,-48,-87,-87,4
ID_1262,-66,-57,-56,-64,-49,-89,-87,4
ID_1263,-66,-57,-55,-65,-48,-91,-87,4
ID_1264,-67,-57,-55,-65,-49,-88,-87,4
ID_1265,-68,-57,-54,-64,-51,-89,-87,4
ID_1266,-67,-56,-55,-64,-49,-91,-89,4
ID_1267,-65,-56,-54,-63,-49,-92,-89,4
ID_1268,-64,-55,-55,-66,-49,-88,-88,4
ID_1269,-67,-56,-52,-64,-51,-89,-85,4
ID_1270,-65,-57,-55,-64,-50,-92,-85,4
ID_1271,-65,-57,-56,-63,-48,-92,-85,4
ID_1272,-65,-57,-54,-70,-50,-88,-85,4
ID_1273,-66,-57,-55,-65,-51,-88,-88,4
ID_1274,-66,-59,-47,-67,-51,-94,-88,4
ID_1275,-66,-59,-45,-67,-52,-93,-92,4
ID_1276,-69,-58,-46,-66,-48,-95,-93,4
ID_1277,-65,-57,-45,-69,-48,-91,-94,4
ID_1278,-64,-59,-46,-65,-48,-91,-91,4
ID_1279,-63,-59,-45,-65,-47,-89,-92,4
ID_1280,-63,-58,-46,-66,-49,-93,-93,4
ID_1281,-63,-58,-47,-66,-48,-93,-92,4
ID_1282,-64,-59,-45,-65,-51,-93,-92,4
ID_1283,-64,-58,-45,-65,-51,-92,-92,4
ID_1284,-64,-60,-45,-66,-52,-92,-92,4
ID_1285,-64,-60,-44,-66,-52,-91,-92,4
ID_1286,-65,-57,-45,-66,-47,-92,-92,4
ID_1287,-64,-58,-45,-66,-48,-89,-93,4
ID_1288,-66,-58,-47,-68,-47,-88,-91,4
ID_1289,-67,-64,-47,-64,-50,-88,-91,4
ID_1290,-61,-60,-50,-63,-45,-88,-91,4
ID_1291,-64,-56,-51,-65,-49,-91,-94,4
ID_1292,-63,-56,-55,-60,-52,-86,-98,4
ID_1293,-64,-57,-53,-61,-50,-86,-98,4
ID_1294,-64,-54,-55,-59,-52,-88,-98,4
ID_1295,-61,-57,-54,-65,-52,-89,-88,4
ID_1296,-65,-56,-49,-61,-44,-88,-91,4
ID_1297,-64,-58,-51,-59,-40,-88,-87,4
ID_1298,-58,-57,-50,-60,-47,-84,-86,4
ID_1299,-60,-53,-50,-66,-39,-86,-86,4
ID_1300,-61,-56,-44,-61,-49,-91,-86,4
ID_1301,-61,-51,-49,-59,-56,-91,-89,4
ID_1302,-65,-52,-48,-63,-48,-91,-88,4
ID_1303,-69,-52,-48,-66,-48,-88,-87,4
ID_1304,-67,-52,-46,-66,-47,-89,-87,4
ID_1305,-67,-53,-46,-64,-48,-88,-87,4
ID_1306,-66,-52,-48,-71,-55,-88,-87,4
ID_1307,-65,-52,-46,-65,-49,-88,-87,4
ID_1308,-65,-52,-46,-64,-49,-88,-87,4
ID_1309,-65,-54,-46,-65,-51,-91,-89,4
ID_1310,-65,-51,-49,-63,-49,-92,-91,4
ID_1311,-64,-48,-54,-58,-52,-80,-88,4
ID_1312,-60,-52,-45,-58,-51,-87,-80,4
ID_1313,-57,-54,-46,-53,-44,-85,-84,4
ID_1314,-58,-54,-44,-59,-47,-83,-86,4
ID_1315,-55,-57,-49,-52,-53,-82,-86,4
ID_1316,-59,-53,-49,-56,-49,-83,-88,4
ID_1317,-60,-57,-58,-58,-50,-83,-88,4
ID_1318,-64,-55,-55,-58,-51,-89,-88,4
ID_1319,-64,-54,-52,-58,-52,-89,-88,4
ID_1320,-59,-53,-49,-59,-45,-89,-88,4
ID_1321,-60,-52,-49,-61,-51,-85,-81,4
ID_1322,-61,-58,-52,-61,-45,-92,-81,4
ID_1323,-60,-56,-43,-61,-50,-89,-87,4
ID_1324,-62,-57,-44,-61,-44,-89,-87,4
ID_1325,-62,-58,-49,-64,-42,-86,-89,4
ID_1326,-61,-54,-45,-66,-45,-88,-87,4
ID_1327,-60,-55,-47,-59,-54,-91,-80,4
ID_1328,-57,-59,-44,-60,-56,-87,-85,4
ID_1329,-56,-54,-48,-57,-51,-84,-89,4
ID_1330,-58,-54,-46,-55,-50,-87,-91,4
ID_1331,-58,-51,-46,-58,-50,-79,-87,4
ID_1332,-59,-55,-48,-59,-52,-86,-85,4
ID_1333,-57,-61,-54,-64,-48,-87,-91,4
ID_1334,-64,-55,-52,-61,-50,-92,-94,4
ID_1335,-62,-57,-50,-62,-49,-93,-86,4
ID_1336,-65,-58,-56,-61,-49,-89,-88,4
ID_1337,-62,-58,-50,-58,-47,-95,-87,4
ID_1338,-57,-52,-44,-59,-51,-88,-85,4
ID_1339,-55,-53,-47,-57,-50,-85,-85,4
ID_1340,-57,-52,-46,-60,-43,-88,-85,4
ID_1341,-64,-57,-48,-60,-39,-88,-85,4
ID_1342,-60,-51,-53,-63,-42,-87,-82,4
ID_1343,-63,-62,-49,-63,-45,-92,-86,4
ID_1344,-59,-52,-44,-57,-49,-85,-87,4
ID_1345,-58,-56,-52,-54,-52,-87,-84,4
ID_1346,-61,-57,-51,-56,-49,-88,-85,4
ID_1347,-59,-57,-56,-65,-49,-92,-91,4
ID_1348,-59,-57,-52,-71,-49,-92,-88,4
ID_1349,-59,-56,-56,-65,-49,-92,-88,4
ID_1350,-59,-56,-58,-66,-51,-92,-88,4
ID_1351,-60,-58,-55,-65,-50,-91,-86,4
ID_1352,-60,-58,-57,-68,-50,-96,-87,4
ID_1353,-61,-58,-58,-67,-50,-96,-85,4
ID_1354,-59,-57,-56,-65,-49,-91,-86,4
ID_1355,-61,-58,-57,-66,-49,-93,-86,4
ID_1356,-60,-57,-56,-65,-50,-96,-87,4
ID_1357,-61,-58,-56,-67,-50,-95,-88,4
ID_1358,-61,-57,-54,-67,-52,-89,-86,4
ID_1359,-58,-57,-55,-66,-51,-88,-87,4
ID_1360,-60,-57,-55,-65,-51,-94,-86,4
ID_1361,-60,-58,-56,-64,-52,-93,-86,4
ID_1362,-58,-56,-56,-64,-50,-82,-87,4
ID_1363,-61,-55,-55,-66,-61,-83,-92,4
ID_1364,-60,-56,-57,-65,-49,-85,-89,4
ID_1365,-60,-58,-56,-66,-51,-85,-89,4
ID_1366,-61,-56,-57,-65,-54,-85,-88,4
ID_1367,-61,-57,-57,-66,-55,-83,-87,4
ID_1368,-60,-57,-56,-64,-52,-84,-88,4
ID_1369,-61,-59,-56,-64,-50,-85,-87,4
ID_1370,-61,-56,-55,-63,-52,-84,-87,4
ID_1371,-58,-61,-56,-64,-49,-83,-87,4
ID_1372,-61,-56,-55,-63,-47,-85,-89,4
ID_1373,-61,-58,-48,-57,-52,-91,-92,4
ID_1374,-61,-55,-54,-72,-45,-89,-92,4
ID_1375,-62,-61,-52,-69,-42,-88,-92,4
ID_1376,-64,-57,-54,-69,-43,-88,-92,4
ID_1377,-63,-58,-54,-69,-43,-91,-92,4
ID_1378,-63,-59,-54,-77,-42,-91,-92,4
ID_1379,-64,-59,-55,-66,-44,-93,-92,4
ID_1380,-64,-59,-51,-67,-43,-88,-92,4
ID_1381,-62,-60,-55,-67,-43,-88,-92,4
ID_1382,-63,-58,-54,-67,-43,-88,-98,4
ID_1383,-62,-59,-53,-64,-44,-89,-98,4
ID_1384,-61,-62,-54,-69,-46,-93,-98,4
ID_1385,-62,-59,-52,-69,-46,-91,-98,4
ID_1386,-58,-57,-46,-56,-43,-89,-85,4
ID_1387,-60,-53,-48,-61,-46,-85,-85,4
ID_1388,-56,-55,-43,-57,-52,-93,-85,4
ID_1389,-57,-54,-54,-59,-51,-88,-87,4
ID_1390,-56,-55,-50,-59,-62,-84,-86,4
ID_1391,-58,-56,-46,-56,-62,-84,-87,4
ID_1392,-59,-54,-51,-59,-58,-80,-87,4
ID_1393,-58,-54,-53,-60,-47,-82,-83,4
ID_1394,-63,-54,-47,-64,-50,-83,-88,4
ID_1395,-58,-55,-57,-64,-47,-85,-89,4
ID_1396,-63,-57,-47,-64,-49,-86,-81,4
ID_1397,-63,-58,-50,-57,-46,-91,-93,4
ID_1398,-60,-54,-56,-65,-43,-88,-87,4
ID_1399,-59,-56,-49,-57,-45,-88,-88,4
ID_1400,-56,-56,-40,-62,-50,-86,-86,4
ID_1401,-63,-52,-43,-63,-51,-87,-88,4
ID_1402,-60,-56,-44,-53,-46,-87,-88,4
ID_1403,-64,-56,-48,-62,-53,-88,-87,4
ID_1404,-59,-56,-41,-54,-46,-89,-88,4
ID_1405,-60,-59,-51,-59,-53,-88,-88,4
ID_1406,-62,-58,-54,-61,-52,-88,-85,4
ID_1407,-61,-53,-50,-59,-46,-84,-93,4
ID_1408,-60,-56,-44,-59,-46,-81,-86,4
ID_1409,-64,-57,-52,-60,-40,-87,-87,4
ID_1410,-63,-56,-51,-57,-45,-88,-88,4
ID_1411,-61,-54,-52,-65,-49,-85,-91,4
ID_1412,-60,-63,-54,-63,-47,-88,-92,4
ID_1413,-61,-55,-52,-61,-44,-88,-92,4
ID_1414,-62,-58,-52,-63,-50,-87,-88,4
ID_1415,-63,-57,-55,-63,-49,-88,-81,4
ID_1416,-64,-63,-56,-64,-47,-92,-83,4
ID_1417,-71,-59,-52,-62,-48,-91,-83,4
ID_1418,-57,-53,-51,-57,-48,-88,-85,4
ID_1419,-61,-55,-46,-57,-46,-83,-85,4
ID_1420,-56,-53,-49,-60,-48,-82,-85,4
ID_1421,-61,-56,-52,-62,-52,-82,-87,4
ID_1422,-64,-58,-48,-63,-42,-85,-93,4
ID_1423,-58,-56,-44,-60,-47,-84,-85,4
ID_1424,-58,-51,-49,-61,-48,-88,-85,4
ID_1425,-57,-55,-45,-59,-50,-85,-85,4
ID_1426,-61,-52,-48,-57,-47,-85,-85,4
ID_1427,-59,-50,-51,-59,-51,-83,-85,4
ID_1428,-60,-52,-48,-61,-48,-83,-84,4
ID_1429,-61,-55,-45,-57,-53,-91,-82,4
ID_1430,-56,-51,-45,-54,-52,-79,-85,4
ID_1431,-56,-60,-55,-55,-53,-88,-85,4
ID_1432,-60,-60,-46,-54,-49,-81,-83,4
ID_1433,-58,-57,-46,-55,-50,-87,-85,4
ID_1434,-59,-56,-50,-60,-52,-81,-85,4
ID_1435,-57,-56,-49,-58,-50,-87,-85,4
ID_1436,-60,-58,-53,-55,-53,-83,-84,4
ID_1437,-61,-52,-49,-58,-51,-91,-84,4
ID_1438,-57,-57,-48,-59,-49,-88,-88,4
ID_1439,-58,-54,-49,-60,-55,-91,-93,4
ID_1440,-60,-59,-50,-58,-45,-87,-89,4
ID_1441,-61,-57,-50,-59,-46,-91,-89,4
ID_1442,-63,-53,-59,-62,-45,-88,-86,4
ID_1443,-63,-56,-51,-64,-49,-88,-89,4
ID_1444,-63,-57,-55,-60,-50,-86,-92,4
ID_1445,-62,-62,-55,-64,-42,-86,-92,4
ID_1446,-63,-56,-50,-56,-49,-89,-92,4
ID_1447,-61,-56,-52,-58,-52,-82,-85,4
ID_1448,-59,-49,-44,-61,-45,-89,-89,4
ID_1449,-60,-61,-49,-60,-50,-89,-88,4
ID_1450,-59,-55,-49,-60,-42,-92,-93,4
ID_1451,-61,-54,-50,-63,-42,-92,-93,4
ID_1452,-60,-49,-48,-62,-48,-85,-93,4
ID_1453,-59,-49,-45,-57,-52,-80,-82,4
ID_1454,-62,-56,-49,-58,-45,-85,-82,4
ID_1455,-65,-54,-53,-61,-43,-84,-83,4
ID_1456,-64,-59,-53,-63,-52,-87,-83,4
ID_1457,-62,-58,-52,-65,-49,-89,-84,4
ID_1458,-61,-54,-48,-64,-49,-89,-81,4
ID_1459,-57,-51,-49,-64,-52,-88,-81,4
ID_1460,-59,-52,-49,-55,-56,-83,-81,4
ID_1461,-57,-60,-47,-59,-50,-79,-88,4
ID_1462,-61,-56,-48,-62,-54,-88,-86,4
ID_1463,-60,-51,-51,-59,-54,-86,-89,4
ID_1464,-57,-56,-48,-66,-49,-84,-91,4
ID_1465,-61,-56,-47,-60,-48,-83,-87,4
ID_1466,-58,-49,-50,-61,-51,-83,-87,4
ID_1467,-58,-50,-43,-56,-55,-83,-87,4
ID_1468,-58,-53,-48,-58,-54,-88,-89,4
ID_1469,-57,-56,-48,-59,-47,-86,-89,4
ID_1470,-58,-57,-48,-64,-52,-92,-87,4
ID_1471,-59,-57,-48,-69,-52,-87,-87,4
ID_1472,-58,-54,-53,-64,-51,-87,-91,4
ID_1473,-59,-55,-55,-62,-47,-91,-84,4
ID_1474,-59,-55,-54,-64,-44,-86,-86,4
ID_1475,-60,-53,-52,-64,-46,-85,-83,4
ID_1476,-60,-54,-53,-64,-47,-85,-86,4
ID_1477,-63,-53,-52,-64,-47,-93,-86,4
ID_1478,-61,-53,-48,-62,-52,-86,-85,4
ID_1479,-61,-56,-46,-60,-50,-84,-86,4
ID_1480,-64,-55,-48,-61,-50,-83,-87,4
ID_1481,-64,-58,-47,-61,-52,-85,-86,4
ID_1482,-62,-53,-48,-61,-50,-85,-86,4
ID_1483,-58,-56,-50,-58,-47,-87,-80,4
ID_1484,-58,-60,-50,-61,-50,-87,-78,4
ID_1485,-58,-56,-49,-60,-53,-86,-91,4
ID_1486,-59,-55,-46,-66,-50,-86,-91,4
ID_1487,-58,-57,-50,-58,-50,-82,-84,4
ID_1488,-62,-57,-48,-63,-47,-88,-84,4
ID_1489,-62,-59,-50,-66,-54,-95,-84,4
ID_1490,-60,-57,-50,-63,-49,-87,-86,4
ID_1491,-62,-59,-48,-65,-51,-87,-86,4
ID_1492,-58,-65,-47,-71,-51,-86,-83,4
ID_1493,-58,-56,-48,-65,-49,-87,-81,4
ID_1494,-63,-54,-49,-62,-43,-89,-91,4
ID_1495,-64,-57,-47,-58,-46,-89,-86,4
ID_1496,-60,-55,-54,-58,-55,-86,-88,4
ID_1497,-63,-56,-52,-65,-47,-82,-92,4
ID_1498,-59,-57,-49,-66,-41,-87,-86,4
ID_1499,-62,-53,-55,-65,-49,-87,-87,4
ID_1500,-61,-58,-46,-69,-53,-82,-81,4
